date,open,close,high,low,volume,code
2021/1/4,3474.68,3502.96,3511.66,3457.21,380790800,sh000001
2021/1/5,3492.19,3528.68,3528.68,3484.72,407995934,sh000001
2021/1/6,3530.91,3550.88,3556.8,3513.13,370230926,sh000001
2021/1/7,3552.91,3576.2,3576.2,3526.62,405348226,sh000001
2021/1/8,3577.69,3570.11,3588.06,3544.89,345557896,sh000001
2021/1/11,3571.32,3531.5,3597.7,3516.99,362479154,sh000001
2021/1/12,3518.01,3608.34,3608.34,3517.47,323406153,sh000001
2021/1/13,3613.28,3598.65,3622.35,3575.59,388127791,sh000001
2021/1/14,3584.93,3565.9,3599.06,3559.6,347666819,sh000001
2021/1/15,3566.28,3566.38,3589.27,3533.79,324612744,sh000001
2021/1/18,3554.8,3596.22,3608.77,3544.26,301652565,sh000001
2021/1/19,3596.36,3566.38,3603.15,3553.02,323439541,sh000001
2021/1/20,3564.12,3583.09,3589.96,3556.44,272271661,sh000001
2021/1/21,3590.92,3621.26,3636.24,3585.8,327466995,sh000001
2021/1/22,3616.54,3606.75,3616.54,3585.03,324463084,sh000001
2021/1/25,3605.36,3624.24,3637.1,3591.02,327341070,sh000001
2021/1/26,3610.97,3569.43,3610.97,3564.74,278139884,sh000001
2021/1/27,3567.55,3573.34,3578.8,3546.49,264107161,sh000001
2021/1/28,3534.67,3505.18,3549.54,3496.88,270862461,sh000001
2021/1/29,3521.72,3483.07,3531.6,3446.55,293662664,sh000001
2021/2/1,3477.17,3505.28,3506.39,3469.88,277567901,sh000001
2021/2/2,3510.81,3533.68,3535.5,3495.57,264540630,sh000001
2021/2/3,3531.15,3517.31,3544.01,3508.51,297351716,sh000001
2021/2/4,3503.78,3501.86,3524.72,3465.77,298834854,sh000001
2021/2/5,3509.49,3496.33,3536.54,3492.96,290146174,sh000001
2021/2/8,3504.56,3532.45,3542.21,3492.13,249799619,sh000001
2021/2/9,3539.77,3603.49,3604.01,3528.68,253821760,sh000001
2021/2/10,3612.61,3655.09,3662.77,3612.5,257940824,sh000001
2021/2/18,3721.09,3675.36,3731.69,3663.66,340309065,sh000001
2021/2/19,3661.78,3696.17,3699.65,3634.01,361059804,sh000001
2021/2/22,3707.19,3642.44,3717.27,3642.44,488821478,sh000001
2021/2/23,3617.7,3636.36,3672.15,3617.7,398873174,sh000001
2021/2/24,3638.94,3564.08,3645.65,3531.59,362158952,sh000001
2021/2/25,3595.54,3585.05,3608.56,3568.47,366232299,sh000001
2021/2/26,3514.56,3509.08,3550.41,3500.7,333280067,sh000001
2021/3/1,3531.48,3551.4,3552.57,3511.99,315487526,sh000001
2021/3/2,3566.85,3508.59,3566.85,3485.36,339830486,sh000001
2021/3/3,3500.16,3576.9,3577.62,3498.72,347656846,sh000001
2021/3/4,3546.64,3503.49,3552.2,3487.38,393616120,sh000001
2021/3/5,3463.31,3501.99,3523.57,3456.67,356409223,sh000001
2021/3/8,3524.98,3421.41,3542.3,3421.22,387047954,sh000001
2021/3/9,3415.34,3359.29,3429.15,3328.31,407652539,sh000001
2021/3/10,3389.84,3357.74,3397.03,3354.82,299749166,sh000001
2021/3/11,3369.9,3436.83,3436.83,3369.9,322112044,sh000001
2021/3/12,3447.2,3453.08,3454.51,3417.24,358027035,sh000001
2021/3/15,3441.88,3419.95,3457.49,3392.51,367813293,sh000001
2021/3/16,3424.65,3446.73,3448.88,3406.17,316668747,sh000001
2021/3/17,3435.73,3445.55,3454.06,3410.28,280059818,sh000001
2021/3/18,3449.64,3463.07,3478.14,3449.38,284403891,sh000001
2021/3/19,3423.87,3404.66,3439.52,3389.29,309161716,sh000001
2021/3/22,3406.12,3443.44,3443.66,3404.23,312559084,sh000001
2021/3/23,3445.34,3411.51,3445.42,3390.05,326389409,sh000001
2021/3/24,3394.13,3367.06,3415.29,3362.18,317398697,sh000001
2021/3/25,3355.07,3363.59,3382.23,3344.97,270676097,sh000001
2021/3/26,3373.32,3418.33,3423.22,3373.32,274614987,sh000001
2021/3/29,3429.63,3435.3,3449.83,3409.89,284824243,sh000001
2021/3/30,3432.53,3456.68,3457.63,3423.32,285423081,sh000001
2021/3/31,3452.21,3441.91,3452.21,3420.83,283049261,sh000001
2021/4/1,3444.81,3466.33,3470.03,3438.83,275244295,sh000001
2021/4/2,3472.63,3484.39,3487.59,3462.83,262654873,sh000001
2021/4/6,3491.63,3482.97,3493.28,3471.76,234746671,sh000001
2021/4/7,3483.42,3479.63,3483.42,3453.19,295786978,sh000001
2021/4/8,3467.49,3482.55,3495.91,3459.32,331755329,sh000001
2021/4/9,3475.44,3450.68,3475.45,3442.14,280085196,sh000001
2021/4/12,3445.97,3412.95,3456.16,3403.9,309577239,sh000001
2021/4/13,3411.29,3396.47,3425.39,3387.9,270626054,sh000001
2021/4/14,3397.02,3416.72,3420.03,3392.98,233242327,sh000001
2021/4/15,3409.61,3398.99,3409.61,3373.09,234005054,sh000001
2021/4/16,3407.19,3426.62,3432.63,3394.13,258579672,sh000001
2021/4/19,3427.55,3477.55,3479.01,3414.36,302735819,sh000001
2021/4/20,3467.15,3472.94,3494.3,3463.46,285300082,sh000001
2021/4/21,3456.3,3472.93,3481.25,3450.11,253777859,sh000001
2021/4/22,3482.83,3465.11,3485.36,3456.32,251114510,sh000001
2021/4/23,3462.09,3474.17,3482.36,3456.33,249360433,sh000001
2021/4/26,3484.11,3441.17,3497.12,3438.57,276970771,sh000001
2021/4/27,3440.09,3442.61,3443.85,3417.26,253032393,sh000001
2021/4/28,3432.16,3457.07,3457.07,3423.33,247381120,sh000001
2021/4/29,3458.08,3474.9,3478.23,3447.59,276631387,sh000001
2021/4/30,3468.3,3446.86,3469.09,3426.9,312660354,sh000001
2021/5/6,3446.07,3441.28,3471.24,3426.85,310424192,sh000001
2021/5/7,3446.41,3418.87,3457.89,3416.78,353785389,sh000001
2021/5/10,3423.59,3427.99,3429.74,3401.93,374170884,sh000001
2021/5/11,3406.6,3441.85,3448.1,3384.7,350934112,sh000001
2021/5/12,3429.75,3462.75,3466.37,3428.39,311444547,sh000001
2021/5/13,3432.14,3429.54,3448.02,3418.38,319325327,sh000001
2021/5/14,3436.09,3490.38,3490.64,3422.56,336982309,sh000001
2021/5/17,3490.41,3517.62,3530.51,3490.14,322135969,sh000001
2021/5/18,3520.65,3529.01,3529.01,3510.86,271308558,sh000001
2021/5/19,3521.11,3510.96,3521.11,3503.82,278321117,sh000001
2021/5/20,3500.88,3506.94,3517.74,3486.07,326009333,sh000001
2021/5/21,3510.84,3486.56,3518.38,3479.67,283826285,sh000001
2021/5/24,3486.27,3497.28,3498.3,3469.87,289509242,sh000001
2021/5/25,3502.54,3581.34,3584.58,3502.44,341241127,sh000001
2021/5/26,3586.84,3593.36,3603.49,3585.37,341980288,sh000001
2021/5/27,3585.73,3608.85,3626.36,3579.26,309551486,sh000001
2021/5/28,3610.77,3600.78,3622.18,3582.36,349208830,sh000001
2021/5/31,3600.07,3615.48,3615.66,3580.65,331523770,sh000001
2021/6/1,3608.6,3624.71,3626.07,3581.91,352811413,sh000001
2021/6/2,3626.33,3597.14,3629.29,3584.6,348558420,sh000001
2021/6/3,3595.42,3584.21,3618.51,3584.21,354233031,sh000001
2021/6/4,3565.47,3591.84,3618.8,3561.89,330893038,sh000001
2021/6/7,3597.14,3599.54,3600.38,3581.9,303718677,sh000001
2021/6/8,3598.75,3580.11,3621.52,3563.25,304491470,sh000001
2021/6/9,3576.8,3591.4,3598.71,3572.64,298323296,sh000001
2021/6/10,3587.53,3610.86,3624.34,3584.13,318174808,sh000001
2021/6/11,3614.11,3589.75,3614.4,3587.15,360554970,sh000001
2021/6/15,3587.47,3556.56,3592.95,3547.19,349168566,sh000001
2021/6/16,3556.71,3518.33,3561.09,3513.56,312597306,sh000001
2021/6/17,3508.32,3525.6,3534.2,3507.35,277229918,sh000001
2021/6/18,3520.5,3525.1,3535.62,3503.18,296708585,sh000001
2021/6/21,3515.5,3529.18,3540.3,3504.01,280898277,sh000001
2021/6/22,3539.79,3557.41,3560.19,3536.81,307536399,sh000001
2021/6/23,3559.4,3566.22,3577.47,3549.85,310709518,sh000001
2021/6/24,3568.58,3566.65,3570.49,3548.82,335440754,sh000001
2021/6/25,3567.38,3607.56,3614.3,3564.52,346087832,sh000001
2021/6/28,3612.25,3606.37,3614.36,3594.22,321274974,sh000001
2021/6/29,3601.68,3573.18,3601.83,3570.53,306071178,sh000001
2021/6/30,3572.62,3591.2,3594.12,3569.5,268162818,sh000001
2021/7/1,3600.55,3588.78,3607.7,3573.94,291883192,sh000001
2021/7/2,3569.89,3518.76,3569.89,3514.34,291945548,sh000001
2021/7/5,3516.92,3534.32,3534.32,3510.58,288094837,sh000001
2021/7/6,3533.13,3530.26,3538.35,3496.93,314070211,sh000001
2021/7/7,3508.59,3553.72,3557.88,3504.47,318839189,sh000001
2021/7/8,3557.22,3525.5,3558.68,3521.06,350877857,sh000001
2021/7/9,3512.23,3524.09,3529.31,3485.05,349884317,sh000001
2021/7/12,3545.2,3547.84,3565.03,3527.39,403639558,sh000001
2021/7/13,3547.59,3566.52,3567.48,3542.82,362416711,sh000001
2021/7/14,3560.83,3528.5,3560.83,3525.49,372221722,sh000001
2021/7/15,3519.06,3564.59,3565.93,3514.26,363259164,sh000001
2021/7/16,3559.53,3539.3,3566,3537.73,366014779,sh000001
2021/7/19,3530.49,3539.12,3544.88,3506.34,336760946,sh000001
2021/7/20,3515.07,3536.79,3538.64,3509.19,293780594,sh000001
2021/7/21,3543.05,3562.66,3569.09,3543.05,338978748,sh000001
2021/7/22,3563.66,3574.73,3576.47,3558.29,381067054,sh000001
2021/7/23,3571.72,3550.4,3571.85,3541.51,446421246,sh000001
2021/7/26,3538.01,3467.44,3538.01,3424.74,442882203,sh000001
2021/7/27,3467.45,3381.18,3483.87,3380.28,469075443,sh000001
2021/7/28,3355.82,3361.59,3385.54,3312.72,395825419,sh000001
2021/7/29,3403.84,3411.72,3416.61,3382.57,344569428,sh000001
2021/7/30,3398.2,3397.36,3404.88,3370.45,381440956,sh000001
2021/8/2,3385.69,3464.29,3464.29,3367.64,432927871,sh000001
2021/8/3,3446.78,3447.99,3470.66,3435.46,400698081,sh000001
2021/8/4,3442.94,3477.22,3477.6,3440.78,348744218,sh000001
2021/8/5,3461.72,3466.55,3486.16,3449.39,348436922,sh000001
2021/8/6,3465.48,3458.23,3466.39,3436.93,336824400,sh000001
2021/8/9,3441.75,3494.63,3502.84,3438.7,349910094,sh000001
2021/8/10,3488.66,3529.93,3529.93,3477.06,345112992,sh000001
2021/8/11,3527.11,3532.62,3544.09,3524.04,383783554,sh000001
2021/8/12,3522.72,3524.74,3538.4,3513.45,381074593,sh000001
2021/8/13,3514.47,3516.3,3540.08,3500.8,378187282,sh000001
2021/8/16,3514.34,3517.34,3537.85,3510.9,391099721,sh000001
2021/8/17,3512.11,3446.98,3531.72,3438.12,422885804,sh000001
2021/8/18,3442.35,3485.29,3487.44,3437.69,389203756,sh000001
2021/8/19,3475.3,3465.55,3480.46,3446.01,382383031,sh000001
2021/8/20,3442.51,3427.33,3453.15,3394.97,391136918,sh000001
2021/8/23,3436.8,3477.13,3481.25,3436.67,384727440,sh000001
2021/8/24,3482.27,3514.47,3522.7,3481.14,430236463,sh000001
2021/8/25,3517.92,3540.38,3540.39,3510.07,450047019,sh000001
2021/8/26,3537.31,3501.66,3537.32,3499.45,502903147,sh000001
2021/8/27,3494.42,3522.16,3530.19,3493.38,455345906,sh000001
2021/8/30,3535.07,3528.15,3539.49,3512.99,512785716,sh000001
2021/8/31,3519.02,3543.94,3543.94,3496.39,524205056,sh000001
2021/9/1,3543.87,3567.1,3582.32,3514.67,667276305,sh000001
2021/9/2,3559.9,3597.04,3597.37,3557.68,572684039,sh000001
2021/9/3,3602.74,3581.73,3613.95,3569.4,614532353,sh000001
2021/9/6,3580.14,3621.86,3626.29,3580.14,521713276,sh000001
2021/9/7,3621.71,3676.59,3681.93,3615.14,547721875,sh000001
2021/9/8,3673.4,3675.19,3695.32,3661,586436193,sh000001
2021/9/9,3666.82,3693.13,3693.45,3662.16,604810330,sh000001
2021/9/10,3691.19,3703.11,3722.87,3681.64,635200433,sh000001
2021/9/13,3699.25,3715.37,3716.83,3692.82,557484019,sh000001
2021/9/14,3709.63,3662.6,3723.85,3655.63,564952386,sh000001
2021/9/15,3651.16,3656.22,3677.53,3638.32,474970001,sh000001
2021/9/16,3664.84,3607.09,3677.92,3606.73,546741474,sh000001
2021/9/17,3595.27,3613.97,3620.96,3569.27,516850210,sh000001
2021/9/22,3563.21,3628.49,3629.45,3560.5,472296053,sh000001
2021/9/23,3651.27,3642.22,3670.95,3632.28,534995486,sh000001
2021/9/24,3637.87,3613.07,3651.43,3607.79,507304772,sh000001
2021/9/27,3625.96,3582.83,3640.81,3559.92,510802795,sh000001
2021/9/28,3577.89,3602.22,3610.92,3568.82,444168807,sh000001
2021/9/29,3573.52,3536.29,3573.52,3518.05,452511151,sh000001
2021/9/30,3541.93,3568.17,3572.43,3541.93,395629626,sh000001
2021/10/8,3609.09,3592.17,3612.55,3571.73,407161148,sh000001
2021/10/11,3600.36,3591.71,3614.7,3586.75,394361159,sh000001
2021/10/12,3581.3,3546.94,3583.64,3515.14,405393748,sh000001
2021/10/13,3543.49,3561.76,3569.13,3515.65,325050667,sh000001
2021/10/14,3555.11,3558.28,3569.69,3547.18,294969196,sh000001
2021/10/15,3551.99,3572.37,3578.77,3542.69,320292984,sh000001
2021/10/18,3571.05,3568.14,3571.05,3539.48,340950616,sh000001
2021/10/19,3562.3,3593.15,3596.79,3560.62,334197652,sh000001
2021/10/20,3583.24,3587,3596.05,3574.3,344245008,sh000001
2021/10/21,3590.05,3594.78,3610.96,3576.35,352310867,sh000001
2021/10/22,3594.75,3582.6,3607.58,3578.76,353157203,sh000001
2021/10/25,3574.26,3609.86,3611.09,3564.21,321196816,sh000001
2021/10/26,3612.83,3597.64,3625.02,3589.71,337278291,sh000001
2021/10/27,3589.86,3562.31,3589.86,3553.13,350620940,sh000001
2021/10/28,3548.7,3518.42,3552.04,3509.49,378171666,sh000001
2021/10/29,3519.33,3547.34,3547.34,3502.8,358809377,sh000001
2021/11/1,3530.4,3544.48,3556.59,3519.29,382251325,sh000001
2021/11/2,3543.38,3505.63,3559.05,3477.66,417563173,sh000001
2021/11/3,3501.11,3498.54,3512.61,3480.49,306607669,sh000001
2021/11/4,3505.89,3526.87,3527.95,3503.01,319440829,sh000001
2021/11/5,3520.21,3491.57,3525.87,3491.46,354533565,sh000001
2021/11/8,3491.97,3498.63,3507.27,3484.24,298183722,sh000001
2021/11/9,3507.11,3507,3514.95,3489.04,287315989,sh000001
2021/11/10,3498.94,3492.46,3498.94,3448.44,307030708,sh000001
2021/11/11,3486.45,3532.79,3534.2,3482.83,322087957,sh000001
2021/11/12,3534.15,3539.1,3543.65,3527.39,308683354,sh000001
2021/11/15,3542.9,3533.3,3550.44,3521.29,313017612,sh000001
2021/11/16,3530.46,3521.79,3549.77,3517.81,310399909,sh000001
2021/11/17,3518.56,3537.37,3537.51,3513.52,276735671,sh000001
2021/11/18,3531.49,3520.71,3537.98,3513.11,312426927,sh000001
2021/11/19,3519.28,3560.37,3561.91,3517.65,317989976,sh000001
2021/11/22,3562.76,3582.08,3585.19,3562.75,330009385,sh000001
2021/11/23,3580.51,3589.09,3598.37,3577.36,360011593,sh000001
2021/11/24,3590.02,3592.7,3602.74,3575.29,336775246,sh000001
2021/11/25,3593.39,3584.18,3597.15,3579.53,306451518,sh000001
2021/11/26,3576.11,3564.09,3576.11,3554.88,301000066,sh000001
2021/11/29,3528.67,3562.7,3563.68,3526.36,333618331,sh000001
2021/11/30,3570.75,3563.89,3582.12,3546.36,349187938,sh000001
2021/12/1,3561.89,3576.89,3576.89,3558.69,329873517,sh000001
2021/12/2,3573.25,3573.84,3586.87,3567.14,354041524,sh000001
2021/12/3,3576.45,3607.43,3608.47,3573.21,377551048,sh000001
2021/12/6,3615.24,3589.31,3626.13,3586.81,418676743,sh000001
2021/12/7,3611.22,3595.09,3614.22,3572.57,403842594,sh000001
2021/12/8,3602.82,3637.57,3637.72,3591.99,361036657,sh000001
2021/12/9,3641.16,3673.04,3688.4,3638.7,431918157,sh000001
2021/12/10,3654.37,3666.35,3667.85,3651.35,419988801,sh000001
2021/12/13,3686.94,3681.08,3708.94,3678.06,424092009,sh000001
2021/12/14,3669.81,3661.53,3671.68,3654.66,362171934,sh000001
2021/12/15,3655.05,3647.63,3668.4,3645.24,377477667,sh000001
2021/12/16,3648.93,3675.02,3675.02,3644.66,381329507,sh000001
2021/12/17,3670.26,3632.36,3673.65,3631.66,408487837,sh000001
2021/12/20,3620.04,3593.6,3643.95,3589.36,423851410,sh000001
2021/12/21,3591.45,3625.13,3627.09,3591.45,408184348,sh000001
2021/1/4,86.91,85.18,86.95,84.1,1036431,601318
2021/1/5,84.5,84.27,84.5,82.85,1054786,601318
2021/1/6,84.29,85.74,85.74,83.55,937598,601318
2021/1/7,85.87,86.26,86.76,84.3,1069687,601318
2021/1/8,86.22,86.1,87.26,85.21,1169368,601318
2021/1/11,86.2,84.03,86.6,84,1098602,601318
2021/1/12,83.88,87.82,87.82,83.33,1467556,601318
2021/1/13,88.8,87.54,89.28,86.83,1390943,601318
2021/1/14,88.4,85.27,88.52,84.88,1379274,601318
2021/1/15,85.94,86.9,88.65,85.27,1587085,601318
2021/1/18,87,87.2,87.65,85.3,1162420,601318
2021/1/19,87.58,86.8,88.15,86.04,1103328,601318
2021/1/20,87.12,85.2,87.33,84.91,1319776,601318
2021/1/21,85.36,84.44,85.41,83.8,1393055,601318
2021/1/22,85,83.8,85.15,83.52,1162752,601318
2021/1/25,83.7,84.88,84.88,82.58,1279801,601318
2021/1/26,84.5,83,84.88,82.88,1051397,601318
2021/1/27,82.98,83.04,83.91,82.58,682738,601318
2021/1/28,82.2,80.92,82.58,80.65,1061087,601318
2021/1/29,80.9,79.08,81.44,78.5,1269800,601318
2021/2/1,79.1,79.27,79.74,78.37,724901,601318
2021/2/2,79.28,78.18,79.45,77.95,988364,601318
2021/2/3,77.74,76.54,77.74,75.3,1343843,601318
2021/2/4,78,79.62,80.32,77.7,1416548,601318
2021/2/5,80,79.72,80.28,78.61,845572,601318
2021/2/8,79.73,78.57,80.43,78.28,796547,601318
2021/2/9,78.56,78.13,78.56,76.8,914122,601318
2021/2/10,77.9,79.25,79.81,77.49,919687,601318
2021/2/18,81.5,82.38,82.86,80.89,1466782,601318
2021/2/19,82,84.2,84.56,81.68,1240618,601318
2021/2/22,84.25,83,85.29,82.58,1130341,601318
2021/2/23,82.52,84.32,85.19,82.5,1016600,601318
2021/2/24,83.5,83.78,85.76,82.5,1173555,601318
2021/2/25,84.52,87.14,88.28,83.35,1897490,601318
2021/2/26,85.8,85.18,87.13,85.18,1180455,601318
2021/3/1,86,84.84,86.38,83.84,823008,601318
2021/3/2,84.84,83.23,84.95,82.6,852274,601318
2021/3/3,82.7,86.75,86.94,82.63,1166971,601318
2021/3/4,86,86.3,87.45,85.8,949746,601318
2021/3/5,85.49,84.5,86.29,83.34,814176,601318
2021/3/8,85.2,84.95,87.78,84.75,1050357,601318
2021/3/9,85.5,84.05,86.26,83.8,982175,601318
2021/3/10,84.62,83.28,84.63,83.12,648001,601318
2021/3/11,83.9,86.36,86.36,83.8,912521,601318
2021/3/12,86.51,85.55,86.6,85.13,646812,601318
2021/3/15,85.36,85.11,85.5,84.21,545513,601318
2021/3/16,85.3,85.4,85.6,84.41,543540,601318
2021/3/17,85,82.54,85,82.41,1064785,601318
2021/3/18,82.3,81.42,82.78,81.07,803121,601318
2021/3/19,81.2,79.64,81.3,79.51,961024,601318
2021/3/22,79.99,79.82,80.27,79.53,542731,601318
2021/3/23,79.89,80.05,80.6,79.12,511169,601318
2021/3/24,79.99,79.01,80.3,78.71,633158,601318
2021/3/25,79.23,79.2,79.66,78.99,436506,601318
2021/3/26,79.58,80.01,80.3,79.56,453485,601318
2021/3/29,80,79.13,80.1,78.8,632345,601318
2021/3/30,79.2,79.37,79.37,78.6,511060,601318
2021/3/31,79.5,78.7,79.55,78.58,483585,601318
2021/4/1,78.8,79.2,79.28,78.75,360713,601318
2021/4/2,79.2,78.88,79.2,78.58,469319,601318
2021/4/6,78.92,79.03,79.45,78.69,351736,601318
2021/4/7,79.37,78.45,79.37,78.18,475012,601318
2021/4/8,78.43,78.63,78.99,78.01,374048,601318
2021/4/9,78.61,77.16,78.62,76.98,688011,601318
2021/4/12,77.15,77.16,77.5,76.62,453366,601318
2021/4/13,77.47,76.56,77.82,76.2,552503,601318
2021/4/14,76.99,77.15,77.48,76.8,380790,601318
2021/4/15,76.15,75.81,76.4,75.18,793582,601318
2021/4/16,75.79,75.7,75.88,75,551743,601318
2021/4/19,75.45,76.18,76.19,75,653676,601318
2021/4/20,76.05,76,76.15,75.48,492485,601318
2021/4/21,75.61,75.62,75.86,75.28,417549,601318
2021/4/22,74.9,74.37,74.93,73.98,560654,601318
2021/4/23,74.37,74.26,75.58,73.88,867845,601318
2021/4/26,74.02,72.89,74.03,72.76,1061930,601318
2021/4/27,72.72,73.27,73.46,72.03,759693,601318
2021/4/28,73,72.81,73.11,72.39,570627,601318
2021/4/29,72.81,73.82,73.96,72.56,544416,601318
2021/4/30,73.98,72.5,73.98,72.36,524630,601318
2021/5/6,71.2,70.53,71.8,70.36,920095,601318
2021/5/7,70.75,70.1,71.09,70.02,561462,601318
2021/5/10,70.18,70.03,70.49,69.5,524570,601318
2021/5/11,69.85,70.28,70.53,69.37,509532,601318
2021/5/12,70,69.93,70.52,69.66,409957,601318
2021/5/13,69.49,69.14,69.83,68.88,506448,601318
2021/5/14,69.4,71.18,71.18,69.04,818772,601318
2021/5/17,70.4,70.37,70.82,70,633004,601318
2021/5/18,70.68,70.9,71.39,70.45,418073,601318
2021/5/19,70.7,69.97,70.7,69.89,465850,601318
2021/5/20,70,70.72,70.97,69.62,422472,601318
2021/5/21,71,70.05,71.38,70.01,413836,601318
2021/5/24,70,69.94,70.37,69.65,350922,601318
2021/5/25,70.09,72.46,72.74,69.71,1213832,601318
2021/5/26,73.09,72.38,73.24,72.18,712396,601318
2021/5/27,72.36,72.9,73.13,71.8,581008,601318
2021/5/28,72.8,72.97,73.5,72.5,510113,601318
2021/5/31,72.65,71.8,72.8,71.47,624834,601318
2021/6/1,71.69,71.13,71.69,70.9,593727,601318
2021/6/2,71.38,70.87,71.39,70.31,481098,601318
2021/6/3,70.9,70.68,71.5,70.5,409516,601318
2021/6/4,70.4,70.85,71.58,70.34,514868,601318
2021/6/7,70.6,70.28,70.68,70.06,386739,601318
2021/6/8,70.27,70.41,70.93,69.95,407017,601318
2021/6/9,70.3,70.3,70.95,70.2,401958,601318
2021/6/10,70.27,70.01,70.79,70,524611,601318
2021/6/11,70.01,69.4,70.18,69.26,630324,601318
2021/6/15,69.01,67.07,69.06,66.95,1077557,601318
2021/6/16,67.01,67,67.75,66.81,527270,601318
2021/6/17,67.01,66.25,67.19,66.02,548040,601318
2021/6/18,66,65.1,66,65,857072,601318
2021/6/21,64.49,64.16,64.65,63.76,810854,601318
2021/6/22,64.5,64.73,65.3,64.17,620127,601318
2021/6/23,64.75,65.82,65.97,64.73,586873,601318
2021/6/24,65.84,65.96,66.38,65.48,417900,601318
2021/6/25,66.03,66.68,66.78,65.71,535654,601318
2021/6/28,66.68,65.6,66.69,65.2,510134,601318
2021/6/29,65.35,64.38,65.4,64.3,549668,601318
2021/6/30,64.2,64.28,64.74,63.8,476369,601318
2021/7/1,64.26,64.76,65.17,63.58,692617,601318
2021/7/2,64.03,62.3,64.07,62.1,1028082,601318
2021/7/5,61.99,61.91,62.28,61.13,750647,601318
2021/7/6,62.42,62.9,63.14,61.85,685813,601318
2021/7/7,62.69,62.37,63.41,62.09,523168,601318
2021/7/8,62.37,60.78,62.37,60.52,837559,601318
2021/7/9,60.48,60.09,61.15,59.81,707616,601318
2021/7/12,60.31,59.4,60.48,59.32,818989,601318
2021/7/13,59.4,59.7,59.88,59.05,513337,601318
2021/7/14,59.65,57.91,59.65,57.78,1065618,601318
2021/7/15,58.29,59.98,60.19,57.99,1085886,601318
2021/7/16,59.69,59.7,60.29,58.88,578204,601318
2021/7/19,59.88,59.35,59.88,58.05,666501,601318
2021/7/20,58.79,58.46,59.2,58.13,449310,601318
2021/7/21,58.15,58.08,58.84,57.9,587044,601318
2021/7/22,57.85,58.54,59.07,57.51,636614,601318
2021/7/23,58.5,57.64,58.77,57.62,593255,601318
2021/7/26,57.09,54.5,57.09,54.33,1174865,601318
2021/7/27,54.5,52.67,54.68,52.36,939011,601318
2021/7/28,52.7,53.11,53.59,52.51,838366,601318
2021/7/29,53.65,53.25,53.68,52.75,768004,601318
2021/7/30,53.13,53.67,54.15,52.6,650888,601318
2021/8/2,53.5,54.01,54.98,52.49,971611,601318
2021/8/3,53.88,54.24,54.41,53.58,658203,601318
2021/8/4,54.3,53.6,54.3,53.33,646660,601318
2021/8/5,53.51,54.2,55.5,53.35,843221,601318
2021/8/6,53.45,53.67,53.84,53.05,502411,601318
2021/8/9,53.2,55.12,55.86,53.1,918821,601318
2021/8/10,54.85,55.73,55.89,54.18,763656,601318
2021/8/11,55.73,55.8,56.79,55.44,822020,601318
2021/8/12,55.73,54.74,55.89,54.64,573070,601318
2021/8/13,54.28,54.31,54.97,54,484718,601318
2021/8/16,54,54.93,55.3,53.9,460096,601318
2021/8/17,54.69,54.21,55.7,54.18,690262,601318
2021/8/18,54.02,56.04,56.11,53.77,963666,601318
2021/8/19,55.59,53.71,55.76,53.66,1148606,601318
2021/8/20,53.11,53.01,53.66,52.81,675607,601318
2021/8/23,53.01,52.7,53.46,52.6,594912,601318
2021/8/24,52.3,51.8,52.74,51.39,946597,601318
2021/8/25,51.92,51.58,52.22,51.46,610596,601318
2021/8/26,51.5,50.3,51.5,50.29,886814,601318
2021/8/27,51.05,52,52.33,51.04,1017819,601318
2021/8/30,52,50.71,52,50.35,959487,601318
2021/8/31,50.2,49.9,50.47,48.88,1586783,601318
2021/9/1,49.78,51.49,52.05,49.61,1631600,601318
2021/9/2,51.01,51.55,51.74,50.67,878586,601318
2021/9/3,51.56,51.71,52.51,50.7,902603,601318
2021/9/6,51.69,51.58,52.15,51.18,883020,601318
2021/9/7,51.62,52.34,52.54,51.08,947374,601318
2021/9/8,52,51.95,52.63,51.68,843992,601318
2021/9/9,51.4,51.62,51.72,51.01,734908,601318
2021/9/10,51.35,51.71,52.5,51.28,845491,601318
2021/9/13,51.48,51.12,51.59,51.06,669800,601318
2021/9/14,51.44,49.86,51.58,49.81,1082662,601318
2021/9/15,49.5,49.47,49.88,49.3,645423,601318
2021/9/16,49.32,49.51,49.98,49.21,591156,601318
2021/9/17,49.4,48.68,49.78,48.22,927214,601318
2021/9/22,47.5,47.78,48.08,47.3,723930,601318
2021/9/23,48.5,48.22,49.35,48.01,758045,601318
2021/9/24,48.23,48.08,48.88,47.9,843584,601318
2021/9/27,47.9,49,49.24,47.82,990081,601318
2021/9/28,48.99,49.26,49.63,48.52,779507,601318
2021/9/29,48.77,49.19,49.54,48.52,631295,601318
2021/9/30,49.3,48.36,49.3,48.23,680070,601318
2021/10/8,50.5,52.1,52.1,50.11,2180028,601318
2021/10/11,52.1,52.74,53.39,51.94,1504500,601318
2021/10/12,52.05,52.26,53.04,51.68,944656,601318
2021/10/13,52.1,51.75,52.19,50.9,649889,601318
2021/10/14,51.7,51.41,52,51.2,427006,601318
2021/10/15,51.13,50.88,51.58,50.62,733017,601318
2021/10/18,51.08,49.86,51.24,49.68,771971,601318
2021/10/19,49.85,51.45,51.85,49.7,847527,601318
2021/10/20,51.7,51.37,52.04,50.79,668239,601318
2021/10/21,51.55,54.28,54.88,51.51,2110058,601318
2021/10/22,54.68,54.29,54.85,53.6,1026330,601318
2021/10/25,53.2,53.21,53.37,52.45,754447,601318
2021/10/26,53.21,52.17,53.98,52.1,748825,601318
2021/10/27,51.97,51.65,52.65,51.54,589052,601318
2021/10/28,50.73,51.3,51.41,50.05,850619,601318
2021/10/29,50.82,49.57,51.23,49.24,1466627,601318
2021/11/1,49,50.12,50.45,48.75,628761,601318
2021/11/2,50.21,50.01,50.67,49.22,782725,601318
2021/11/3,50,50.05,50.75,49.85,476763,601318
2021/11/4,49.9,49.7,50.14,49.53,532053,601318
2021/11/5,49.7,49.93,50.34,49.59,416655,601318
2021/11/8,49.89,50.4,50.7,49.37,531724,601318
2021/11/9,50.48,49.69,50.83,49.6,640511,601318
2021/11/10,49.5,49.13,49.56,48.33,816049,601318
2021/11/11,49.11,51.15,51.16,49,1110858,601318
2021/11/12,51.13,50.61,51.13,50.15,585959,601318
2021/11/15,50.85,50.6,51.2,50.23,442091,601318
2021/11/16,50.6,50.36,50.94,50,477438,601318
2021/11/17,49.99,50.05,50.53,49.88,351532,601318
2021/11/18,49.9,49.51,49.91,49.51,423325,601318
2021/11/19,49.4,49.96,50.11,49.25,428290,601318
2021/11/22,49.85,49.71,49.94,49.55,340051,601318
2021/11/23,49.68,49.62,50.17,49.49,402241,601318
2021/11/24,49.62,49.75,50,49.35,361961,601318
2021/11/25,49.76,49.4,49.76,49.36,407411,601318
2021/11/26,49.24,48.72,49.26,48.71,589023,601318
2021/11/29,48.49,48.66,48.85,48.32,404273,601318
2021/11/30,48.51,48.22,48.83,48.17,466947,601318
2021/12/1,48.27,48.87,48.98,48.27,422137,601318
2021/12/2,48.61,48.88,49.14,48.42,383301,601318
2021/12/3,48.98,48.99,49.25,48.48,427489,601318
2021/12/6,49.1,49.15,49.75,49.1,610369,601318
2021/12/7,49.5,50.39,50.5,49.21,1011502,601318
2021/12/8,50.39,50.34,50.4,49.9,653544,601318
2021/12/9,50.36,51.31,51.83,50.13,1249296,601318
2021/12/10,51,51.22,51.49,50.9,737707,601318
2021/12/13,51.66,51.15,52.5,51.12,918581,601318
2021/12/14,50.9,50.85,51.35,50.7,587334,601318
2021/12/15,50.79,50.7,51.08,50.53,363833,601318
2021/12/16,50.79,51.2,51.29,50.5,514366,601318
2021/12/17,51.02,50.54,51.4,50.38,539670,601318
2021/12/20,50.24,50.28,50.85,50.2,428442,601318
2021/12/21,50.29,50.84,51.14,50.28,393979,601318
2021/1/4,61.8,62.9,63.33,61.6,549036,651
2021/1/5,62.36,65.26,65.53,62.36,700889,651
2021/1/6,66,64.07,66.78,63.69,521704,651
2021/1/7,64.06,64.7,65.04,63.5,464751,651
2021/1/8,64.96,64.7,66.37,64,499502,651
2021/1/11,64.13,62.45,64.88,62.21,581829,651
2021/1/12,62.1,63.66,64.08,62.09,447314,651
2021/1/13,64,64.92,66,63.76,571627,651
2021/1/14,65.02,63.12,65.57,63,447035,651
2021/1/15,62.72,63.4,63.69,62.31,345372,651
2021/1/18,63,63.76,64.2,62.6,383905,651
2021/1/19,63.72,62.92,65.09,62.66,408454,651
2021/1/20,62.79,61,62.85,60.89,608481,651
2021/1/21,60.88,61.36,62.18,60.6,490763,651
2021/1/22,61.3,60.23,61.5,59.75,568391,651
2021/1/25,60.23,60.02,60.79,59.7,525077,651
2021/1/26,59.8,59,59.8,58.6,463564,651
2021/1/27,59,59.41,60.46,58,535043,651
2021/1/28,58.64,57.29,58.7,57.23,522870,651
2021/1/29,57.23,56.3,57.79,55.88,493889,651
2021/2/1,56.51,56.43,57.2,55.75,317693,651
2021/2/2,56.45,59.63,59.67,56.44,674378,651
2021/2/3,59.98,58.82,60.37,58.4,474062,651
2021/2/4,58,58.59,59.39,57.88,301420,651
2021/2/5,58.5,58.94,59.52,58.35,279933,651
2021/2/8,59.17,58.84,59.87,58.37,323710,651
2021/2/9,59,59.03,59.25,57.46,470290,651
2021/2/10,59.05,60.49,61.3,58.9,561205,651
2021/2/18,61.05,60.47,61.8,59.68,526608,651
2021/2/19,60.4,61.03,61.5,59.9,406629,651
2021/2/22,60.1,58.48,60.14,57.94,607496,651
2021/2/23,58.09,57.05,58.48,56.93,547361,651
2021/2/24,57.51,57.28,58.21,57,492439,651
2021/2/25,57.83,59.85,60.49,57.77,792238,651
2021/2/26,59.1,59,60.89,58.88,591318,651
2021/3/1,59.05,60.43,60.95,59.02,490324,651
2021/3/2,60.89,60.66,61.5,59.84,436001,651
2021/3/3,60.66,60.2,60.68,59.69,319001,651
2021/3/4,59.79,58.85,60.19,58.7,433083,651
2021/3/5,58.06,58.13,58.6,57.58,349209,651
2021/3/8,58.42,56.62,59.14,56.51,513618,651
2021/3/9,56.63,58,58.87,56.11,600335,651
2021/3/10,58.39,58.62,58.85,57.91,312185,651
2021/3/11,58.3,58.59,59.2,58.27,302637,651
2021/3/12,58.59,58.5,58.81,58.2,260732,651
2021/3/15,58.47,57.78,58.81,57.42,301687,651
2021/3/16,59,60,60.24,58.61,686049,651
2021/3/17,60.65,62.2,63.31,60,835718,651
2021/3/18,62.92,62.5,63.48,61.5,485168,651
2021/3/19,62,60,62,59.66,558190,651
2021/3/22,60.05,60.94,61.19,59.6,395757,651
2021/3/23,60.85,61.41,62,60.28,384813,651
2021/3/24,61.4,61.35,62,61.07,323993,651
2021/3/25,60.86,61.38,61.63,60.7,253387,651
2021/3/26,62.6,61.62,62.93,61.18,378396,651
2021/3/29,61.94,62.47,62.7,61.48,409468,651
2021/3/30,62.48,62.1,62.5,61.41,274203,651
2021/3/31,62.29,62.7,63.27,61.91,365906,651
2021/4/1,62.69,62.73,63,61.98,218120,651
2021/4/2,62.98,62.44,63.5,62.2,277602,651
2021/4/6,62.45,61.33,62.69,61,241984,651
2021/4/7,61.99,61.68,62.1,60.88,239950,651
2021/4/8,61.65,61.85,61.98,61.15,157212,651
2021/4/9,62.09,61.65,62.18,60.69,238153,651
2021/4/12,61.55,60.2,61.83,59.68,233051,651
2021/4/13,60.4,59.17,60.5,58.71,243928,651
2021/4/14,59.51,59.92,60.15,59.31,186635,651
2021/4/15,61,60.53,62.33,60.38,483500,651
2021/4/16,61.7,60.88,61.88,60.02,328412,651
2021/4/19,60.9,60.88,61.36,60.35,290842,651
2021/4/20,60.81,59.98,60.82,59.65,343386,651
2021/4/21,59.5,59.62,59.98,59.07,222077,651
2021/4/22,59.71,59.11,59.9,58.76,268444,651
2021/4/23,59.3,59.81,60.2,59.06,279492,651
2021/4/26,59.97,58.5,59.99,58.45,420654,651
2021/4/27,58.5,57.98,58.73,57.52,316956,651
2021/4/28,58.5,58.06,58.66,57.39,277110,651
2021/4/29,59.51,59.51,60.67,58.21,822887,651
2021/4/30,60.25,59.91,60.6,59.32,500335,651
2021/5/6,59.65,59.96,60.38,59.61,336127,651
2021/5/7,60.25,59.56,61.13,59.15,365282,651
2021/5/10,59.4,59.84,59.84,58.92,292041,651
2021/5/11,59.41,59.9,59.99,59.22,196449,651
2021/5/12,59.9,59.08,60.1,58.05,387839,651
2021/5/13,58.55,57.38,58.7,57.25,426317,651
2021/5/14,57,57.74,57.75,56.58,448423,651
2021/5/17,57.75,58.29,58.8,57.53,360040,651
2021/5/18,58.31,57.93,58.68,57.73,237809,651
2021/5/19,57.9,57.41,57.92,57.21,229975,651
2021/5/20,57.91,58,58.19,57.39,294611,651
2021/5/21,58.14,57.5,58.57,57.4,282667,651
2021/5/24,57.23,56.8,57.24,56.67,357296,651
2021/5/25,56.2,55.89,56.5,54.7,1127793,651
2021/5/26,55.9,56.19,56.37,55.32,476186,651
2021/5/27,58.5,58.04,59.27,57.62,956354,651
2021/5/28,58,56.99,58,56.8,648626,651
2021/5/31,57.06,56.3,57.21,55.88,560534,651
2021/6/1,56.3,56.3,56.53,55.96,340780,651
2021/6/2,56.3,56.05,56.39,55.92,322038,651
2021/6/3,56.19,55.98,56.5,55.98,385266,651
2021/6/4,55.98,55.98,56.28,55.56,309287,651
2021/6/7,55.93,55.36,55.93,55.16,406189,651
2021/6/8,55.3,55.23,55.69,54.96,286037,651
2021/6/9,55.15,55.23,55.45,55.05,304787,651
2021/6/10,55.23,55.01,55.32,55,397507,651
2021/6/11,55.03,54.62,55.15,54.35,422872,651
2021/6/15,54.65,55.37,55.38,54.4,457887,651
2021/6/16,55.39,55.18,55.97,55.02,314229,651
2021/6/17,55.2,54.7,55.2,54.5,291670,651
2021/6/18,54.7,53.68,54.91,53.67,507550,651
2021/6/21,52.48,51.11,52.48,51,1112656,651
2021/6/22,51.12,49.82,51.36,49.5,1078956,651
2021/6/23,49.85,51.72,51.72,49.83,867550,651
2021/6/24,51.79,51.45,51.86,50.68,474099,651
2021/6/25,51.5,52.23,52.56,51.16,478185,651
2021/6/28,53.9,52.66,54.46,52.36,525550,651
2021/6/29,52.62,51.17,52.62,50.9,476672,651
2021/6/30,51.6,52.1,52.29,51.17,295133,651
2021/7/1,52.12,51.86,52.5,51.1,353772,651
2021/7/2,51.2,50.99,51.49,50.35,470885,651
2021/7/5,51,49.89,51.2,49.69,486469,651
2021/7/6,49.55,50.11,50.26,49.38,352958,651
2021/7/7,49.83,50.19,51.08,49.83,364271,651
2021/7/8,50.29,49.2,50.29,49,565598,651
2021/7/9,49.2,49.3,49.44,48.2,405655,651
2021/7/12,49.7,48.92,49.8,48.81,380151,651
2021/7/13,49.15,49.4,49.67,48.5,368843,651
2021/7/14,49.3,49.6,49.9,48.81,455308,651
2021/7/15,49.1,49.5,49.8,48.99,380324,651
2021/7/16,49.5,49.99,50.16,49.2,438104,651
2021/7/19,50.3,51.48,51.73,50,724003,651
2021/7/20,51.35,51.2,51.94,50.7,463385,651
2021/7/21,51.2,49.95,51.49,49.9,498844,651
2021/7/22,49.8,49.95,50.45,49.5,390263,651
2021/7/23,49.9,49.02,49.91,48.98,450421,651
2021/7/26,48.8,47.63,48.83,47.58,655755,651
2021/7/27,47.98,46.76,48.1,46.7,629826,651
2021/7/28,46.5,47.5,48.08,46.16,562061,651
2021/7/29,47.97,47.56,48.18,47.41,464806,651
2021/7/30,47.21,47.5,47.68,46.5,403025,651
2021/8/2,47.13,48.25,48.9,46.6,523146,651
2021/8/3,47.9,49.21,49.5,47.71,586064,651
2021/8/4,49.9,48.51,49.9,48.28,524208,651
2021/8/5,48.12,48.12,49.29,48.05,348446,651
2021/8/6,48.2,47.74,48.26,47.41,278494,651
2021/8/9,47.5,48.47,48.82,47.39,415868,651
2021/8/10,48.09,48.5,48.59,47.6,359847,651
2021/8/11,48.64,48.05,49.23,47.9,487192,651
2021/8/12,48.02,46.77,48.24,46.66,658667,651
2021/8/13,46.78,46.52,46.95,46.17,391950,651
2021/8/16,46.85,47.99,48.18,46.68,615369,651
2021/8/17,48.09,47.12,48.2,47.05,409459,651
2021/8/18,47.18,47.64,47.74,46.9,328739,651
2021/8/19,47.54,47.22,47.88,47.01,343576,651
2021/8/20,47.03,46.1,47.11,45.45,728893,651
2021/8/23,44,44.99,45.15,42.78,942712,651
2021/8/24,45,44.47,45.98,44.11,619734,651
2021/8/25,44.68,44.41,44.78,44.27,373017,651
2021/8/26,44.1,43.14,44.1,43,549966,651
2021/8/27,43,42.83,43.45,42.81,337550,651
2021/8/30,42.85,41,42.96,40.82,825769,651
2021/8/31,41.2,41.1,41.96,40.3,654681,651
2021/9/1,41.5,41.66,41.88,40.72,906218,651
2021/9/2,41.66,40.47,41.66,40.16,1043769,651
2021/9/3,40.48,40.59,40.88,40.2,819835,651
2021/9/6,40.86,41.39,41.57,40.75,893792,651
2021/9/7,41.29,41.75,41.83,40.91,701598,651
2021/9/8,41.6,41.53,41.67,41.27,710791,651
2021/9/9,41.37,41.46,41.79,41.26,480368,651
2021/9/10,41.5,41.24,41.66,41.13,590323,651
2021/9/13,41.26,40.8,41.39,40.61,594126,651
2021/9/14,40.95,40.21,41.3,40.17,639684,651
2021/9/15,40.03,38.99,40.05,38.69,1076488,651
2021/9/16,38.8,38.21,39.09,38.19,774093,651
2021/9/17,38.09,38.26,38.38,37.44,724545,651
2021/9/22,37.57,37.79,37.92,37.44,368043,651
2021/9/23,37.96,38.11,38.48,37.88,517064,651
2021/9/24,38,37.91,38.43,37.75,436109,651
2021/9/27,37.83,38.44,39.25,37.55,740250,651
2021/9/28,38.1,38.11,38.53,37.72,466110,651
2021/9/29,38.82,39.3,39.6,38.46,1047373,651
2021/9/30,39.29,38.75,39.46,38.73,673326,651
2021/10/8,38.88,39.81,39.96,38.37,826855,651
2021/10/11,39.99,39.85,40.12,39.54,558193,651
2021/10/12,39.52,39.44,39.88,39.27,435443,651
2021/10/13,39.22,39.1,39.43,38.52,453317,651
2021/10/14,39.03,38.98,39.32,38.82,271457,651
2021/10/15,38.98,39.05,39.49,38.81,402258,651
2021/10/18,39.05,38.36,39.1,38.22,396045,651
2021/10/19,38.2,39.05,39.26,38.17,452124,651
2021/10/20,39.1,38.58,39.3,38.52,353147,651
2021/10/21,38.58,40.08,40.1,38.42,966087,651
2021/10/22,40.1,40.67,41.06,40.08,1062089,651
2021/10/25,40.05,39.37,40.21,39.14,885019,651
2021/10/26,39.28,38.98,39.56,38.93,523588,651
2021/10/27,38,36.77,38.01,36.6,1591211,651
2021/10/28,36.47,36.5,36.75,35.91,625269,651
2021/10/29,36.49,36.65,36.83,36.03,557771,651
2021/11/1,36.32,36.97,37.29,35.93,632053,651
2021/11/2,36.92,36.36,37.19,36.12,520889,651
2021/11/3,36.36,36.28,36.55,35.81,429450,651
2021/11/4,36.29,36.42,36.43,35.92,511861,651
2021/11/5,36.3,36.36,36.75,36,448898,651
2021/11/8,36.01,36.01,36.23,35.89,424179,651
2021/11/9,36.01,35.6,36.17,35.53,525954,651
2021/11/10,35.5,34.67,35.51,34.1,1123073,651
2021/11/11,34.73,36.12,36.12,34.61,1238538,651
2021/11/12,36.23,35.43,36.23,35.3,742524,651
2021/11/15,35.58,36.09,36.29,35.47,578556,651
2021/11/16,36.23,36.32,36.64,36.1,606326,651
2021/11/17,36.78,36.33,36.99,36.24,548348,651
2021/11/18,36.23,35.75,36.33,35.71,462281,651
2021/11/19,35.69,35.91,36.04,35.38,482933,651
2021/11/22,35.85,35.72,36.08,35.61,380023,651
2021/11/23,35.5,35.9,35.98,35.11,538987,651
2021/11/24,35.9,35.73,35.96,35.52,379317,651
2021/11/25,35.61,35.38,36.08,35.34,436947,651
2021/11/26,35.3,35.13,35.32,35.1,310586,651
2021/11/29,34.77,34.63,34.83,34.53,424632,651
2021/11/30,34.68,34.56,35.08,34.46,388079,651
2021/12/1,34.41,35.18,35.19,34.23,441191,651
2021/12/2,35,35.1,35.28,34.76,299982,651
2021/12/3,35.1,34.98,35.25,34.65,360033,651
2021/12/6,34.9,35.4,36,34.85,709541,651
2021/12/7,35.63,36.63,36.64,35.6,1092862,651
2021/12/8,36.73,36.51,36.78,36.03,687489,651
2021/12/9,36.46,36.87,37.42,36.46,1022009,651
2021/12/10,36.6,36.6,36.87,36.25,541645,651
2021/12/13,36.6,36.67,37.34,36.6,657590,651
2021/12/14,36.89,36.2,36.89,36.11,516397,651
2021/12/15,36.09,35.9,36.33,35.85,412089,651
2021/12/16,35.95,36.04,36.14,35.67,379441,651
2021/12/17,36,35.5,36,35.46,423097,651
2021/12/20,35.4,35.25,35.77,35.23,379167,651
2021/12/21,35.37,35.86,36.1,35.35,477805,651
2021/1/4,43.23,43.17,43.78,42.02,1549523,600036
2021/1/5,42.76,42.18,42.8,41.44,1387177,600036
2021/1/6,42.1,44.15,44.2,42,1200646,600036
2021/1/7,44.29,45.9,45.97,44.26,1078322,600036
2021/1/8,46.29,46.6,47.02,45.81,1299595,600036
2021/1/11,46.58,48.42,49.17,46.49,1445234,600036
2021/1/12,48.55,49.7,50.05,47.56,1044486,600036
2021/1/13,49.31,49.4,49.98,48.88,649110,600036
2021/1/14,49.4,49.05,50.08,48.56,703771,600036
2021/1/15,50.5,51.14,53.89,50.48,1775745,600036
2021/1/18,51.5,51.92,53.08,51.2,1237642,600036
2021/1/19,52.3,51.85,53.23,51.49,901880,600036
2021/1/20,52.1,51.72,53.12,50.99,792281,600036
2021/1/21,52.97,52.64,53.5,52.15,736715,600036
2021/1/22,52.85,51.64,52.85,51,870001,600036
2021/1/25,51.1,52.11,52.46,50.1,865362,600036
2021/1/26,52,51.4,53.1,51,601175,600036
2021/1/27,51.61,52,52.9,51.61,609232,600036
2021/1/28,51,51.61,51.75,50.8,523870,600036
2021/1/29,52.18,51.1,52.46,50.81,621489,600036
2021/2/1,51,52.4,52.78,50.48,796626,600036
2021/2/2,52.35,51.97,52.8,51.6,720306,600036
2021/2/3,52.07,53.05,54,51.49,765876,600036
2021/2/4,52.87,53.5,55.2,52.61,969110,600036
2021/2/5,54.06,54.74,55.94,53.7,1151578,600036
2021/2/8,55.19,55.26,55.6,53.69,816378,600036
2021/2/9,55.38,55.26,55.38,54.25,619005,600036
2021/2/10,56.3,54.55,56.4,53.95,753508,600036
2021/2/18,55.65,55.69,57.6,55.19,1070913,600036
2021/2/19,55.65,55.2,56.71,54.88,710182,600036
2021/2/22,55.27,54.2,55.74,53.36,801511,600036
2021/2/23,54.29,55.55,56.73,54.2,952991,600036
2021/2/24,55.85,53.6,55.85,52.85,844322,600036
2021/2/25,54.5,54.45,55.5,53.91,886187,600036
2021/2/26,53.6,51.1,54.45,50.86,1327289,600036
2021/3/1,51.11,50.39,51.3,50.03,894184,600036
2021/3/2,50.86,49.55,50.9,49.01,1007786,600036
2021/3/3,50,52.77,52.98,49.6,1315933,600036
2021/3/4,52.19,52.4,53.88,52,833039,600036
2021/3/5,51.9,51.4,52.39,50.11,735196,600036
2021/3/8,51.59,49.93,51.98,49.7,698138,600036
2021/3/9,50.02,48.5,50.98,48.18,983222,600036
2021/3/10,49.01,49.25,50,48.55,675910,600036
2021/3/11,50,51.97,52.25,50,904210,600036
2021/3/12,52.35,53.32,53.39,52.13,855808,600036
2021/3/15,52.98,53.11,54.79,52.64,939319,600036
2021/3/16,53.9,54.32,55.25,53.5,697163,600036
2021/3/17,53.95,53.4,54.32,53.3,532315,600036
2021/3/18,53.3,54.24,54.3,52.9,482793,600036
2021/3/19,54.02,51.76,54.46,51.54,776284,600036
2021/3/22,52.2,53.78,54.72,52.1,791695,600036
2021/3/23,53.89,53.48,54.45,52.82,595923,600036
2021/3/24,53.96,52.2,54,51.62,575013,600036
2021/3/25,52.66,51.01,52.89,50.56,784538,600036
2021/3/26,51.45,51.6,51.82,50.73,709475,600036
2021/3/29,51.7,50.94,51.8,50.55,779804,600036
2021/3/30,51.1,51.56,51.56,50.43,569402,600036
2021/3/31,51.5,51.1,51.5,50.14,521650,600036
2021/4/1,51.09,51.05,51.28,50.7,337195,600036
2021/4/2,51.18,50.95,51.25,50.65,411534,600036
2021/4/6,51.1,50.99,51.83,50.8,444002,600036
2021/4/7,51.15,50.43,51.15,50.02,500610,600036
2021/4/8,50.2,50.5,50.63,50.05,295011,600036
2021/4/9,50.72,50.25,50.72,49.86,315068,600036
2021/4/12,50.29,50.46,50.65,49.69,414742,600036
2021/4/13,50.5,50.32,51.2,49.94,490399,600036
2021/4/14,50.58,49.7,50.6,49.28,554384,600036
2021/4/15,49.72,49.44,49.98,48.28,572965,600036
2021/4/16,49.72,49.74,49.85,49.09,315583,600036
2021/4/19,49.9,51.77,51.78,49.5,679321,600036
2021/4/20,51.01,51.99,52.19,51.01,355744,600036
2021/4/21,52.06,52.89,53.19,52.03,524464,600036
2021/4/22,52.89,52.61,53.3,52.17,429271,600036
2021/4/23,52.7,53.3,53.5,52.31,471049,600036
2021/4/26,54,52.07,54.5,51.7,916257,600036
2021/4/27,51.95,52.07,52.43,51.58,363299,600036
2021/4/28,52.2,51.76,52.38,51.48,389855,600036
2021/4/29,52,53.28,53.35,51.29,552745,600036
2021/4/30,52.8,52.7,53.18,51.81,450688,600036
2021/5/6,52.7,53.67,54.38,52.48,638353,600036
2021/5/7,53.88,54.18,55.2,53.31,723684,600036
2021/5/10,54.2,53.9,54.25,53.01,492240,600036
2021/5/11,53.45,53.84,54.15,53.28,328533,600036
2021/5/12,53.85,53.69,54.65,53.07,317497,600036
2021/5/13,53.49,53.2,54.45,52.84,391206,600036
2021/5/14,53.49,54.98,55,52.8,578814,600036
2021/5/17,55,55.65,56.49,54.65,526684,600036
2021/5/18,55.98,55.95,56.39,55.7,293351,600036
2021/5/19,56,54.8,56.08,54.51,357293,600036
2021/5/20,55.1,55.47,55.52,54.32,342105,600036
2021/5/21,55.87,54.11,55.9,53.8,514865,600036
2021/5/24,54.2,54.08,54.7,53.77,445399,600036
2021/5/25,54.19,57.55,57.62,53.93,968502,600036
2021/5/26,57.65,58.5,58.56,57.61,613062,600036
2021/5/27,58,57.95,58.78,56.81,519037,600036
2021/5/28,58,58.5,58.85,57.61,410141,600036
2021/5/31,58.21,58.19,58.36,57,361657,600036
2021/6/1,57.7,57.36,57.76,56.9,474268,600036
2021/6/2,57.25,57.58,57.69,56.88,405820,600036
2021/6/3,57.5,56.28,58.33,56.19,490673,600036
2021/6/4,56.05,57.53,58.92,56.02,608329,600036
2021/6/7,57.21,57,57.25,56.5,324897,600036
2021/6/8,56.95,56.7,57.94,56.01,476166,600036
2021/6/9,56.7,56.47,57.36,56.28,391410,600036
2021/6/10,56.49,56.35,57.46,56.26,481135,600036
2021/6/11,56.41,56.33,56.75,55.08,682089,600036
2021/6/15,55.83,54.8,55.83,54.12,529241,600036
2021/6/16,54.8,55.6,56.36,54.5,518772,600036
2021/6/17,55.52,55.12,56,54.86,319019,600036
2021/6/18,54.75,54.69,55.7,54.07,427117,600036
2021/6/21,54.3,53.69,54.79,53.12,579716,600036
2021/6/22,53.86,55.46,55.58,53.86,643592,600036
2021/6/23,55.38,54.82,55.47,54.48,408720,600036
2021/6/24,54.82,55,55.1,54.13,363604,600036
2021/6/25,55,56.4,56.55,54.78,469560,600036
2021/6/28,56.2,54.7,56.29,54.03,698825,600036
2021/6/29,54.2,53.8,54.85,53.7,532449,600036
2021/6/30,53.9,54.19,54.44,53.86,357304,600036
2021/7/1,54.21,56,56,53.8,652987,600036
2021/7/2,55,53.05,55.2,52.7,929819,600036
2021/7/5,52.94,52.94,53.09,51.5,568609,600036
2021/7/6,53,53.54,53.54,52.41,452507,600036
2021/7/7,53.3,53.43,53.91,53.01,365978,600036
2021/7/8,53.76,50.35,53.76,50,1554189,600036
2021/7/9,50.35,49.9,50.91,49.51,827019,600036
2021/7/12,50.6,50.4,51.14,49.8,839564,600036
2021/7/13,49.5,49.97,50.8,48.71,594450,600036
2021/7/14,49.8,48.95,49.88,47.92,885514,600036
2021/7/15,49,51.05,51.46,48.97,877273,600036
2021/7/16,50.76,51,51.6,50.42,462104,600036
2021/7/19,51,50.83,51.2,49.41,469631,600036
2021/7/20,50.45,49.91,51.49,49.61,446889,600036
2021/7/21,50.02,49.7,50.57,49.25,506319,600036
2021/7/22,49.69,50.25,51.1,49.38,592356,600036
2021/7/23,50.33,50.05,50.65,49.5,420353,600036
2021/7/26,49.62,47.7,49.65,47.55,749930,600036
2021/7/27,47.65,46.17,47.93,45.8,749495,600036
2021/7/28,46.31,47.47,48.34,46.31,847310,600036
2021/7/29,48.2,47.95,48.3,47.5,642745,600036
2021/7/30,47.75,46.5,47.8,46.11,591959,600036
2021/8/2,46.8,47.71,48.22,45.21,836147,600036
2021/8/3,47.6,47.59,48.1,46.95,518758,600036
2021/8/4,47.58,47,47.95,46.8,511500,600036
2021/8/5,46.68,46.75,47.3,46.09,442303,600036
2021/8/6,46.47,47.59,47.8,46.1,507558,600036
2021/8/9,47.58,49.06,50,47.58,730430,600036
2021/8/10,49.08,50.21,50.53,48.56,663575,600036
2021/8/11,50.21,50.9,51.77,50,568555,600036
2021/8/12,50.7,50.68,51.5,50.41,397182,600036
2021/8/13,50.71,51.18,51.35,50.31,467405,600036
2021/8/16,51.2,50.87,51.24,49.5,744140,600036
2021/8/17,50.87,49.62,51.4,49.52,603232,600036
2021/8/18,49.99,53.14,53.57,49.92,1231242,600036
2021/8/19,52.8,51.58,53.1,51.36,676301,600036
2021/8/20,51.74,51.03,52.57,49.9,693765,600036
2021/8/23,51.48,51.89,52.87,51.21,539017,600036
2021/8/24,52.02,52.2,52.85,51.01,528277,600036
2021/8/25,52.58,51.43,52.71,51.21,407381,600036
2021/8/26,51.93,49.6,51.93,49.48,763035,600036
2021/8/27,49.7,50.35,50.82,49.5,386142,600036
2021/8/30,50.35,48.45,50.35,47.61,1079682,600036
2021/8/31,48.45,48.96,49.45,47.85,710440,600036
2021/9/1,48.88,50.79,50.95,48.6,826055,600036
2021/9/2,50.69,51.6,51.88,50.3,726201,600036
2021/9/3,51.7,52,52.33,50.41,642573,600036
2021/9/6,51.51,51.2,52.75,51.18,547428,600036
2021/9/7,51.29,52.81,53.08,50.45,772320,600036
2021/9/8,52.72,52.41,53.55,52.26,553907,600036
2021/9/9,52.1,52.1,52.68,51.68,357800,600036
2021/9/10,52,54.12,54.52,51.75,1070978,600036
2021/9/13,53.67,53.92,54.5,53.5,592830,600036
2021/9/14,54.3,52.1,54.89,51.8,631166,600036
2021/9/15,52,51.4,52.49,50.8,542338,600036
2021/9/16,51.23,50.7,51.83,50.21,629896,600036
2021/9/17,50.78,51.25,51.54,50.5,420165,600036
2021/9/22,48.68,49.41,49.98,48.1,1122596,600036
2021/9/23,49.5,48.84,50.53,48.61,861025,600036
2021/9/24,48.45,48.77,49.33,48.4,532039,600036
2021/9/27,48.29,49.09,49.8,48.21,667905,600036
2021/9/28,49.1,50.42,50.98,49.09,709925,600036
2021/9/29,49.95,51.56,52.17,49.61,904610,600036
2021/9/30,51.4,50.45,51.43,50.1,586118,600036
2021/10/8,50.02,50.93,51.08,50.02,645553,600036
2021/10/11,51.44,53,54.18,51.44,971779,600036
2021/10/12,52.7,53.09,53.79,52.3,589373,600036
2021/10/13,52.95,53.03,53.4,52.05,442557,600036
2021/10/14,52.99,52.36,53.25,52.2,288996,600036
2021/10/15,52.45,53.31,53.44,52.35,420358,600036
2021/10/18,53.31,51.86,53.35,51.55,577945,600036
2021/10/19,52.25,52.88,53.32,52,481693,600036
2021/10/20,53.21,52.4,53.64,52.28,305710,600036
2021/10/21,52.85,53.75,54,52.6,576587,600036
2021/10/22,54.09,54.29,54.8,53.73,547151,600036
2021/10/25,53.83,54.59,54.93,53.1,623341,600036
2021/10/26,54.59,55.3,56.23,54.3,715424,600036
2021/10/27,55.2,54.52,55.2,53.83,420394,600036
2021/10/28,54.3,54.22,55,53.85,346232,600036
2021/10/29,54.22,53.97,54.75,53.7,405439,600036
2021/11/1,54,54.12,54.9,53.3,425018,600036
2021/11/2,54.35,52.25,54.49,51.67,752206,600036
2021/11/3,52.35,51.7,52.49,51.67,444372,600036
2021/11/4,52,51.75,52.1,51.28,482915,600036
2021/11/5,51.72,51.56,52.11,51.42,361974,600036
2021/11/8,51.32,51.3,51.9,50.8,386749,600036
2021/11/9,51.4,51.06,51.7,50.6,387884,600036
2021/11/10,51.06,50.63,51.15,50.04,558071,600036
2021/11/11,50.55,52.82,52.87,50.46,849732,600036
2021/11/12,52.82,52.4,53.18,52.25,343597,600036
2021/11/15,52.79,52.93,53.61,52.37,366950,600036
2021/11/16,52.9,52.5,53.38,52.16,322315,600036
2021/11/17,52.22,51.84,52.83,51.81,339386,600036
2021/11/18,51.8,51.41,52,51,342443,600036
2021/11/19,51.48,52.33,52.74,51.11,464668,600036
2021/11/22,52.1,51.69,52.34,51.59,376538,600036
2021/11/23,51.75,51.75,52.3,51.44,389149,600036
2021/11/24,51.59,51.74,51.9,51.17,315040,600036
2021/11/25,51.7,51.42,51.7,51.24,215660,600036
2021/11/26,51.2,50.1,51.45,49.88,823357,600036
2021/11/29,49.78,49.82,50.1,48.82,827247,600036
2021/11/30,49.48,49.49,49.85,48.91,610043,600036
2021/12/1,49.48,49.99,50.2,49.28,500361,600036
2021/12/2,50.01,50.89,51,49.49,556070,600036
2021/12/3,51.07,51.25,51.28,50.47,494076,600036
2021/12/6,51.49,51.82,52.4,51.33,604716,600036
2021/12/7,52.29,51.84,52.58,51.1,540774,600036
2021/12/8,51.98,52.04,52.28,51.4,490975,600036
2021/12/9,52.25,53.13,53.84,51.8,840557,600036
2021/12/10,52.9,53.49,53.49,52.68,564263,600036
2021/12/13,53.56,52.42,54.2,52.41,645546,600036
2021/12/14,52.32,51.15,52.5,50.85,810629,600036
2021/12/15,51,51,51.34,50.78,378493,600036
2021/12/16,50.91,51.2,51.3,50.61,383653,600036
2021/12/17,51.09,50.77,51.4,50.66,476449,600036
2021/12/20,50.7,50.69,51.3,50.39,470826,600036
2021/12/21,50.65,50.63,50.99,50.3,356944,600036
2021/1/4,105.93,106.17,107.47,104.2,138877,600570
2021/1/5,105.53,109.61,110.59,105.3,151787,600570
2021/1/6,108.88,103.19,109.64,102.01,278792,600570
2021/1/7,103.2,98.16,103.88,95.6,412598,600570
2021/1/8,98.27,99.51,100.05,96.25,240747,600570
2021/1/11,99.4,97.07,100.45,96.58,189523,600570
2021/1/12,96.81,101,101.99,95.8,214039,600570
2021/1/13,101,95,101,94.4,306105,600570
2021/1/14,94.97,95.8,98.25,94,167410,600570
2021/1/15,97,95.59,98.3,93.63,155416,600570
2021/1/18,95.18,97,98.05,94.28,180871,600570
2021/1/19,96.81,97.5,99.85,96.11,155832,600570
2021/1/20,97.6,98.8,99.89,95.83,150035,600570
2021/1/21,99,101.99,102.38,97.26,204277,600570
2021/1/22,101.02,99.78,102.88,99.5,164463,600570
2021/1/25,98.98,95.86,99.1,95.79,223547,600570
2021/1/26,95.86,93.4,96.99,93.3,170324,600570
2021/1/27,93.4,95.66,96.5,92.6,145967,600570
2021/1/28,94.4,94.31,96.72,94.12,103799,600570
2021/1/29,95.69,97.13,100.8,95.5,212391,600570
2021/2/1,98.66,103.21,103.24,98.18,258707,600570
2021/2/2,104.2,107.83,108.6,104.2,220706,600570
2021/2/3,106.31,105.9,108.1,105.3,127337,600570
2021/2/4,105.11,103.5,105.37,100.97,157446,600570
2021/2/5,103,99.25,103.8,99.09,140476,600570
2021/2/8,102.35,102.25,103.5,100.12,117235,600570
2021/2/9,103.4,105.65,106.68,102.7,137013,600570
2021/2/10,105,106.35,107.68,104.66,122582,600570
2021/2/18,109.54,101.73,109.9,101.5,155239,600570
2021/2/19,100.97,97.81,101.9,95.27,190255,600570
2021/2/22,98.18,96.48,101.72,96,170089,600570
2021/2/23,96.19,95.87,97.8,95.5,122025,600570
2021/2/24,96.16,93.2,96.8,92,211474,600570
2021/2/25,93.94,91.5,94.14,91.27,121903,600570
2021/2/26,88.9,87.4,89.9,86,213754,600570
2021/3/1,89.3,90.36,90.5,87.32,146471,600570
2021/3/2,91.55,90.68,92.8,90.1,128477,600570
2021/3/3,90,92.35,92.98,88.86,97582,600570
2021/3/4,91.7,87.97,91.93,87.43,132949,600570
2021/3/5,86.66,89.06,90,86.5,85616,600570
2021/3/8,90.06,84.54,90.3,83.3,164125,600570
2021/3/9,84.34,85.3,87,83.12,119771,600570
2021/3/10,86.3,84.77,87.88,84,94636,600570
2021/3/11,85.11,85.83,86.54,84.4,70951,600570
2021/3/12,86.8,87.8,87.85,84.79,105579,600570
2021/3/15,85.55,87.7,88.39,85.55,95529,600570
2021/3/16,86.96,85.73,88.4,84.61,109014,600570
2021/3/17,85.6,89.5,89.59,84,119076,600570
2021/3/18,89.99,89,90.4,88.33,100816,600570
2021/3/19,87.95,85.01,87.95,85,145163,600570
2021/3/22,85.35,87.39,87.87,85.13,72904,600570
2021/3/23,86.92,84.39,87.9,83.77,125449,600570
2021/3/24,84.5,82.78,84.92,82.3,86955,600570
2021/3/25,82.43,82.76,84.2,80.13,86696,600570
2021/3/26,82.43,84.55,85.5,82.42,85004,600570
2021/3/29,85.07,82.3,85.1,81.5,129245,600570
2021/3/30,82.3,83.32,84.37,82.1,102102,600570
2021/3/31,83.06,84,84.42,82.6,65910,600570
2021/4/1,83.7,84.6,84.77,83.47,62435,600570
2021/4/2,84.8,84.78,85.43,84.21,60688,600570
2021/4/6,84.8,86,86.22,83.8,62214,600570
2021/4/7,85.46,84.35,85.6,82.81,87343,600570
2021/4/8,83.96,84.2,85.23,83.31,71271,600570
2021/4/9,85,82.84,85,81.83,71577,600570
2021/4/12,81.88,81.78,83.2,80.14,104127,600570
2021/4/13,81.3,81.08,82.14,80.55,65773,600570
2021/4/14,81.1,82.2,82.59,80.41,72084,600570
2021/4/15,82.18,82.68,82.9,81.6,39672,600570
2021/4/16,82.98,82.3,83.97,82.02,49650,600570
2021/4/19,82.5,86.48,86.77,82.5,135324,600570
2021/4/20,86.46,87.7,90.89,86.46,154090,600570
2021/4/21,87.34,86.52,88.16,85.58,74653,600570
2021/4/22,87.01,88.46,89.28,86.71,87750,600570
2021/4/23,88,88.3,89.13,87.41,57959,600570
2021/4/26,88.4,86.82,89.97,86.44,77311,600570
2021/4/27,88.34,90.29,91.08,88.24,156721,600570
2021/4/28,90,93.35,93.4,88.71,176873,600570
2021/4/29,92.85,94.57,94.68,90.6,150885,600570
2021/4/30,94.01,91.89,94.54,91.79,78159,600570
2021/5/6,91.8,90.03,91.8,88.5,72125,600570
2021/5/7,90.02,87,90.46,86.69,74691,600570
2021/5/10,87.5,85.5,88.22,84.69,68278,600570
2021/5/11,84.62,85.03,85.3,83.73,62854,600570
2021/5/12,84.77,85.3,85.56,83.68,59225,600570
2021/5/13,84.8,84.1,85,83.57,50663,600570
2021/5/14,83.88,87.29,87.57,83.42,100855,600570
2021/5/17,86.42,88.71,90.89,86.32,99531,600570
2021/5/18,88.7,89,89.53,87.14,51560,600570
2021/5/19,89,89.8,90.16,86.97,78192,600570
2021/5/20,89.8,92.07,93,89.1,104332,600570
2021/5/21,92.39,89.01,92.9,88.5,81014,600570
2021/5/24,89.98,91.85,92,89.57,78865,600570
2021/5/25,91.85,98.5,98.79,91.21,210197,600570
2021/5/26,98.96,97.17,100.57,96.5,131376,600570
2021/5/27,97.1,95.08,97.9,94.17,135298,600570
2021/5/28,94.58,93.7,95,92.18,121244,600570
2021/5/31,93.66,93.88,94.3,92.5,121745,600570
2021/6/1,93.02,91.8,93.98,90.98,130513,600570
2021/6/2,92.11,89.18,92.29,88.6,159206,600570
2021/6/3,89.5,87.76,89.8,87.58,113837,600570
2021/6/4,87.5,87.88,89.34,87,126589,600570
2021/6/7,87.98,88.68,88.87,87.4,105227,600570
2021/6/8,88.9,89.21,89.5,87.85,100293,600570
2021/6/9,89,89,89.77,88.28,71735,600570
2021/6/10,87.88,88.96,89.8,87.87,111616,600570
2021/6/11,88.96,87.8,89.99,86.88,129369,600570
2021/6/15,87.03,90.6,91,86.86,172746,600570
2021/6/16,90,88.55,91.88,88.01,127703,600570
2021/6/17,87.9,88.5,89.73,87.7,76628,600570
2021/6/18,88.3,85.6,89.35,84.85,171412,600570
2021/6/21,85.6,87.16,88.79,85.12,173542,600570
2021/6/22,87.01,88.98,90.25,86.1,129173,600570
2021/6/23,88.98,87.43,89.24,87,115266,600570
2021/6/24,87.66,86.12,87.88,86,77695,600570
2021/6/25,86.12,87.07,87.43,85.4,100097,600570
2021/6/28,87.24,87.23,87.7,85.9,90471,600570
2021/6/29,87.95,92.63,92.88,87.95,315034,600570
2021/6/30,91.91,93.25,94.2,91.01,155502,600570
2021/7/1,93.3,92.73,93.82,90.95,126765,600570
2021/7/2,92,90.82,92,90.6,115329,600570
2021/7/5,88.99,85.9,88.99,85.21,299602,600570
2021/7/6,85.9,85.22,86.73,84.5,118351,600570
2021/7/7,85.39,84.38,85.5,83.89,123979,600570
2021/7/8,84.6,84.27,85.06,83.9,119317,600570
2021/7/9,84.06,84.08,84.29,82.4,118746,600570
2021/7/12,84.7,85.48,85.85,84.17,133179,600570
2021/7/13,85.6,86.6,86.93,85.2,91489,600570
2021/7/14,86.93,86.68,87.88,85.6,89505,600570
2021/7/15,86,86.5,86.99,85.23,65081,600570
2021/7/16,63.5,63.08,65.48,62.41,169763,600570
2021/7/19,62,61.53,62.03,60.06,141041,600570
2021/7/20,61.5,61.53,61.53,60.8,78196,600570
2021/7/21,61.69,62.79,63.83,61.63,161241,600570
2021/7/22,63.2,62.52,63.68,62.4,124977,600570
2021/7/23,62.45,60.46,62.97,60.13,167233,600570
2021/7/26,60.2,58.68,60.9,57.6,170925,600570
2021/7/27,59.11,53.2,59.27,52.81,439405,600570
2021/7/28,52.2,52.49,53.5,51.17,244170,600570
2021/7/29,53.55,53.67,54.62,53.28,164231,600570
2021/7/30,53.6,55.71,55.82,52.79,157915,600570
2021/8/2,54.95,55.13,56.78,54.45,170600,600570
2021/8/3,55.67,55.15,55.81,54.6,118735,600570
2021/8/4,55.57,55.3,55.94,54.88,99065,600570
2021/8/5,55.25,53.62,55.25,53.11,150328,600570
2021/8/6,53.63,52.22,53.93,51.7,201209,600570
2021/8/9,51.7,54.41,54.52,51.68,162459,600570
2021/8/10,53.94,54.32,54.49,53.2,96613,600570
2021/8/11,54.01,53.58,54.53,53.35,137693,600570
2021/8/12,53.4,52.84,54.12,52.6,139751,600570
2021/8/13,52.8,51.44,53.13,51.35,177814,600570
2021/8/16,51.3,51.7,52.17,50.88,128929,600570
2021/8/17,51.79,51.03,51.89,49.89,184080,600570
2021/8/18,50.65,53.05,53.99,50.08,303067,600570
2021/8/19,53.28,55.76,56.48,53.28,384108,600570
2021/8/20,55.5,53.49,55.99,52.29,220385,600570
2021/8/23,53.25,55.32,56.78,53.25,248854,600570
2021/8/24,55.86,55.68,56.59,54.75,180261,600570
2021/8/25,55.88,56.96,57.5,55.6,190854,600570
2021/8/26,56.9,54.25,56.9,53.97,211045,600570
2021/8/27,54.16,52.15,54.2,51.7,233780,600570
2021/8/30,51.7,50,52.02,48.42,286714,600570
2021/8/31,49.5,49.56,50.13,48.16,200282,600570
2021/9/1,49.93,50.28,51.1,48.5,272679,600570
2021/9/2,50.5,49.07,51.48,48.78,274213,600570
2021/9/3,53,53.98,53.98,52.93,331924,600570
2021/9/6,56.5,58.52,59.08,53.99,704431,600570
2021/9/7,60,59.37,60.3,58.6,439808,600570
2021/9/8,60,59.99,61.73,58.86,399609,600570
2021/9/9,59,56.1,59.77,55.86,387734,600570
2021/9/10,56.94,56.73,58.55,56.18,393119,600570
2021/9/13,57.05,57.63,59.45,55.88,375238,600570
2021/9/14,58.3,55.08,58.3,54.9,336353,600570
2021/9/15,55.1,54.44,55.5,53.4,182048,600570
2021/9/16,53.8,53.6,54.26,53.22,140967,600570
2021/9/17,53.58,54.79,54.99,53.46,126129,600570
2021/9/22,53.9,53.41,54.72,53.05,116470,600570
2021/9/23,53.7,54.38,54.85,53.43,146585,600570
2021/9/24,54.39,54.66,55.1,53.88,128299,600570
2021/9/27,54.35,55.02,56.42,54.3,165620,600570
2021/9/28,55.5,55.5,55.8,53.82,136415,600570
2021/9/29,55,54.75,55.3,53,158035,600570
2021/9/30,54.75,57.28,58.28,54.3,201783,600570
2021/10/8,57.35,58.75,59,57.02,166173,600570
2021/10/11,58.17,56.75,58.74,56.69,143064,600570
2021/10/12,56.8,56.8,57.5,55.9,107047,600570
2021/10/13,56.7,57.45,57.78,55.48,99083,600570
2021/10/14,56.13,57.11,57.88,56.13,71804,600570
2021/10/15,57,58.12,58.39,56.61,151694,600570
2021/10/18,58.08,57.1,58.5,56.07,109828,600570
2021/10/19,57.15,59.26,62.81,56.79,429296,600570
2021/10/20,59.26,57.85,59.88,57.7,181891,600570
2021/10/21,57.85,57.1,58.69,56.88,103241,600570
2021/10/22,57.31,58.03,58.85,57.12,118005,600570
2021/10/25,58.09,60.06,60.58,57.57,152231,600570
2021/10/26,59.75,60.85,61.79,59.72,170720,600570
2021/10/27,60.6,61.26,61.75,59.4,129617,600570
2021/10/28,61,60.65,61.93,60,165147,600570
2021/10/29,60.2,63,63.33,60,317294,600570
2021/11/1,63.45,62.25,63.48,61.23,169923,600570
2021/11/2,62.49,62.24,63.12,61.38,110000,600570
2021/11/3,62.01,62.01,62.79,61.85,69681,600570
2021/11/4,61.82,63.6,63.73,61.5,132236,600570
2021/11/5,63.5,63.41,65.11,63.05,143907,600570
2021/11/8,63.81,62.16,64.48,61.81,114959,600570
2021/11/9,61.4,61.08,61.4,58.78,185773,600570
2021/11/10,60.86,60.1,61.88,59.62,106214,600570
2021/11/11,59.9,61.99,62.18,59.27,125509,600570
2021/11/12,61.96,63.02,64.44,61.96,136912,600570
2021/11/15,63.36,63.4,64.3,61.88,113668,600570
2021/11/16,63.4,62.1,63.98,61.68,92749,600570
2021/11/17,61.68,61.86,62.68,61.56,66157,600570
2021/11/18,61.3,58.78,61.53,58.37,187519,600570
2021/11/19,58.64,58.6,59.25,58.3,83135,600570
2021/11/22,58.55,57.9,58.97,57.51,172270,600570
2021/11/23,58,58.86,59.36,57.58,148039,600570
2021/11/24,59.4,57.83,59.6,57.6,107912,600570
2021/11/25,58.3,57,58.3,56.6,95861,600570
2021/11/26,57,57.15,57.7,56.07,78484,600570
2021/11/29,56.9,58.32,58.59,56.82,143332,600570
2021/11/30,58.5,58.41,59.38,58,99686,600570
2021/12/1,58.45,58.55,59.49,58.2,86422,600570
2021/12/2,58.47,57.85,58.8,57.66,84003,600570
2021/12/3,58.11,58.75,59.15,58,85812,600570
2021/12/6,58.76,58.83,59.97,58.54,108363,600570
2021/12/7,59.4,60,60.28,59.1,132180,600570
2021/12/8,59.98,61.27,61.88,59.55,132928,600570
2021/12/9,61.01,62.75,64.08,61.01,188569,600570
2021/12/10,62.67,62.04,62.67,61.08,113039,600570
2021/12/13,62.5,62.91,64.99,62.16,157655,600570
2021/12/14,62.76,63.4,63.4,62.46,96250,600570
2021/12/15,63.55,62.59,63.6,62.5,94995,600570
2021/12/16,63.4,62.94,63.4,62,69641,600570
2021/12/17,63,62.68,63.41,62.3,68697,600570
2021/12/20,62.68,62.3,63.58,62,89369,600570
2021/12/21,62.64,64.17,64.2,62.07,162015,600570
2021/1/4,29.44,29.18,29.49,28.7,1945462,600030
2021/1/5,28.96,29.14,29.38,28.63,1655522,600030
2021/1/6,29.38,29.62,29.97,29.27,2057443,600030
2021/1/7,29.7,29.75,29.87,29,1729687,600030
2021/1/8,29.8,30.06,30.53,29.61,2207415,600030
2021/1/11,30.29,29.28,30.43,29.25,1725419,600030
2021/1/12,29,32.03,32.21,28.8,5161568,600030
2021/1/13,31.89,30.95,31.97,30.8,3559776,600030
2021/1/14,30.82,30.2,31.15,30.2,2103358,600030
2021/1/15,30.01,30.18,30.9,30,1679398,600030
2021/1/18,30.02,30.35,31,29.86,1695534,600030
2021/1/19,30.33,30.45,31.43,30.04,2143915,600030
2021/1/20,30.58,31.1,31.7,30.46,2166237,600030
2021/1/21,31.22,31.17,31.79,30.66,2398598,600030
2021/1/22,30.8,30.33,31.09,30.08,1988934,600030
2021/1/25,30.16,29.97,30.27,29.61,1901745,600030
2021/1/26,29.72,28.78,29.96,28.7,1897350,600030
2021/1/27,28.77,28.71,28.97,28.57,1006889,600030
2021/1/28,28.5,28.5,28.88,28.23,1300527,600030
2021/1/29,28.67,28.35,28.78,28,1229645,600030
2021/2/1,28.49,28.3,28.53,28.18,886477,600030
2021/2/2,28.45,28.16,28.49,27.88,1435196,600030
2021/2/3,28.15,27.97,28.38,27.87,958176,600030
2021/2/4,27.76,27.09,27.96,26.57,1798666,600030
2021/2/5,27.1,27.02,27.45,26.92,924972,600030
2021/2/8,27.02,27.32,27.48,26.97,926303,600030
2021/2/9,27.33,27.99,28.05,27.06,1395326,600030
2021/2/10,27.91,27.87,28.09,27.55,1157933,600030
2021/2/18,28.2,27.94,28.35,27.82,1310783,600030
2021/2/19,27.84,28.62,28.67,27.62,1392744,600030
2021/2/22,28.75,27.77,28.75,27.73,1676243,600030
2021/2/23,27.8,27.6,28.05,27.51,986555,600030
2021/2/24,27.65,27.42,27.88,27.18,958634,600030
2021/2/25,27.58,27.73,28.27,27.31,1379275,600030
2021/2/26,27.19,27.25,27.55,27.13,1097798,600030
2021/3/1,26.3,25.62,26.3,25.01,2803138,600030
2021/3/2,25.62,25.16,25.67,25.05,1490009,600030
2021/3/3,25.05,25.37,25.45,25.01,970337,600030
2021/3/4,25.18,24.81,25.3,24.78,1288013,600030
2021/3/5,24.81,25.05,25.19,24.54,1149817,600030
2021/3/8,25.16,24.54,25.32,24.54,1203736,600030
2021/3/9,24.51,23.75,24.75,23.7,1305342,600030
2021/3/10,23.98,23.69,24.05,23.65,876286,600030
2021/3/11,23.76,24.03,24.1,23.76,793470,600030
2021/3/12,24.06,23.78,24.06,23.39,1156455,600030
2021/3/15,23.55,23.26,23.6,23.15,897627,600030
2021/3/16,23.39,23.4,23.46,23.17,602116,600030
2021/3/17,23.41,23.64,23.75,23.32,753688,600030
2021/3/18,23.64,23.55,23.82,23.5,686558,600030
2021/3/19,23.41,23.98,23.99,23.23,1210142,600030
2021/3/22,23.88,24.15,24.37,23.82,1053069,600030
2021/3/23,24.1,24.06,24.3,23.7,760632,600030
2021/3/24,23.94,24.04,24.51,23.9,931331,600030
2021/3/25,23.9,23.9,24.15,23.87,475952,600030
2021/3/26,23.87,23.98,24.08,23.84,538542,600030
2021/3/29,23.95,24.26,24.55,23.85,796389,600030
2021/3/30,24.16,24.26,24.45,24.12,536528,600030
2021/3/31,24.25,23.89,24.25,23.89,547368,600030
2021/4/1,23.89,24.16,24.17,23.76,584316,600030
2021/4/2,24.19,24.13,24.35,24.05,614623,600030
2021/4/6,24.5,24.15,24.58,24.13,726292,600030
2021/4/7,24.12,24.05,24.23,23.93,594220,600030
2021/4/8,23.9,23.99,24.25,23.89,609198,600030
2021/4/9,23.91,23.6,23.93,23.6,686485,600030
2021/4/12,23.6,23.3,23.68,23.25,590010,600030
2021/4/13,23.3,23.37,23.43,23.2,462451,600030
2021/4/14,23.37,23.58,23.75,23.35,504175,600030
2021/4/15,23.52,23.38,23.56,23.24,481014,600030
2021/4/16,23.41,23.67,23.76,23.38,519720,600030
2021/4/19,23.6,24.02,24.07,23.51,847988,600030
2021/4/20,23.89,23.77,24.15,23.74,628183,600030
2021/4/21,23.63,23.6,23.77,23.56,407653,600030
2021/4/22,23.73,23.48,23.76,23.43,545439,600030
2021/4/23,23.42,23.4,23.55,23.33,493760,600030
2021/4/26,23.39,23.05,23.6,23.02,714998,600030
2021/4/27,23.06,22.75,23.09,22.69,706185,600030
2021/4/28,22.76,22.88,22.88,22.59,485170,600030
2021/4/29,23,23.79,23.96,22.92,1592565,600030
2021/4/30,23.6,23.85,24.08,23.53,1069396,600030
2021/5/6,24.12,24,24.39,23.83,981386,600030
2021/5/7,23.91,23.44,24.06,23.32,837558,600030
2021/5/10,23.53,23.77,23.93,23.44,662676,600030
2021/5/11,23.53,23.87,24.08,23.27,680556,600030
2021/5/12,23.75,23.94,23.99,23.65,570219,600030
2021/5/13,23.74,23.63,23.95,23.55,556860,600030
2021/5/14,23.83,25.44,25.68,23.8,3326164,600030
2021/5/17,25,24.89,25.05,24.58,2128584,600030
2021/5/18,24.72,24.77,25.2,24.61,925575,600030
2021/5/19,24.71,24.78,25.08,24.67,806584,600030
2021/5/20,24.77,25.06,25.27,24.7,1109115,600030
2021/5/21,25.08,24.61,25.15,24.6,827481,600030
2021/5/24,24.79,25.23,25.47,24.77,1400131,600030
2021/5/25,25.23,26.23,26.55,25.14,2911827,600030
2021/5/26,26.28,25.88,26.56,25.83,1940857,600030
2021/5/27,25.87,25.92,26.21,25.73,1119097,600030
2021/5/28,25.92,26.18,26.5,25.72,1392900,600030
2021/5/31,26.18,26.11,26.18,25.83,924054,600030
2021/6/1,25.99,25.77,25.99,25.43,1046952,600030
2021/6/2,25.77,25.2,25.91,25.14,976466,600030
2021/6/3,25.32,25.18,25.65,25.15,782289,600030
2021/6/4,25.06,25.54,26.45,25,1367719,600030
2021/6/7,25.77,26.06,26.6,25.57,1366124,600030
2021/6/8,25.92,25.92,26.44,25.8,1092864,600030
2021/6/9,25.97,25.73,26.15,25.57,724102,600030
2021/6/10,25.6,25.66,26.06,25.6,819877,600030
2021/6/11,25.62,24.94,25.75,24.81,1290164,600030
2021/6/15,24.9,24.58,24.98,24.5,792464,600030
2021/6/16,24.52,24.65,24.79,24.5,640220,600030
2021/6/17,24.58,24.54,24.73,24.39,599392,600030
2021/6/18,24.48,24.65,24.8,24.36,756795,600030
2021/6/21,24.7,24.5,24.95,24.49,761881,600030
2021/6/22,24.59,24.66,24.79,24.46,609209,600030
2021/6/23,24.68,24.76,24.95,24.52,724185,600030
2021/6/24,24.79,25,25.24,24.75,867813,600030
2021/6/25,25.08,25.51,25.86,24.9,1658267,600030
2021/6/28,25.59,25.13,25.59,25.06,940776,600030
2021/6/29,25.14,24.8,25.25,24.77,784549,600030
2021/6/30,24.81,24.94,25.03,24.63,746818,600030
2021/7/1,25.25,24.67,25.35,24.51,1055002,600030
2021/7/2,24.48,23.65,24.48,23.61,1229454,600030
2021/7/5,23.65,23.53,23.79,23.28,678159,600030
2021/7/6,23.59,23.68,23.73,23.4,600574,600030
2021/7/7,23.58,23.64,23.82,23.54,603387,600030
2021/7/8,23.79,23.6,23.86,23.49,661946,600030
2021/7/9,23.5,23.51,23.68,23.35,629464,600030
2021/7/12,23.82,23.89,24.08,23.62,1047903,600030
2021/7/13,23.8,23.72,23.96,23.58,616321,600030
2021/7/14,23.68,23.32,23.68,23.28,802892,600030
2021/7/15,23.31,23.67,23.73,23.21,727887,600030
2021/7/16,23.84,23.83,24.08,23.66,910803,600030
2021/7/19,23.68,23.8,23.83,23.4,651806,600030
2021/7/20,23.57,23.61,23.84,23.52,459677,600030
2021/7/21,23.68,23.82,24.03,23.65,844507,600030
2021/7/22,23.77,24.13,24.24,23.69,1014719,600030
2021/7/23,24.09,24.24,24.84,23.85,1404223,600030
2021/7/26,24.21,23.5,24.38,23.44,1236813,600030
2021/7/27,23.5,22.91,23.66,22.83,1018926,600030
2021/7/28,22.9,22.87,23.22,22.86,822132,600030
2021/7/29,23.28,23.02,23.32,22.87,858003,600030
2021/7/30,22.93,22.59,22.97,22.47,896861,600030
2021/8/2,22.58,23.27,23.7,22.07,1477518,600030
2021/8/3,23.11,23.33,23.8,23,1123130,600030
2021/8/4,23.32,23.26,23.4,23.12,693896,600030
2021/8/5,23.14,22.87,23.39,22.81,778635,600030
2021/8/6,23,23.08,23.23,22.9,601334,600030
2021/8/9,23,23.52,23.8,22.96,1128293,600030
2021/8/10,23.42,23.77,23.84,23.25,1081770,600030
2021/8/11,23.73,23.7,24.08,23.6,1018741,600030
2021/8/12,23.76,23.74,24.05,23.63,726114,600030
2021/8/13,23.68,24.1,24.15,23.61,1102724,600030
2021/8/16,24.12,24.01,24.5,23.91,1213354,600030
2021/8/17,23.88,23.91,24.64,23.82,1839349,600030
2021/8/18,23.96,25.25,25.4,23.9,3162188,600030
2021/8/19,25.07,24.64,25.33,24.5,1981783,600030
2021/8/20,24.34,24.24,24.49,23.9,1363300,600030
2021/8/23,24.39,24.43,24.73,24.25,1164596,600030
2021/8/24,24.56,25.14,25.35,24.4,2208822,600030
2021/8/25,25.06,24.92,25.47,24.88,1353686,600030
2021/8/26,24.81,24.58,25,24.56,1044624,600030
2021/8/27,24.65,24.73,25.18,24.6,1038330,600030
2021/8/30,25.15,24.34,25.28,24.28,1386131,600030
2021/8/31,24.25,25.68,26.13,24.19,3062855,600030
2021/9/1,25.7,26.89,27.6,25.56,4375223,600030
2021/9/2,26.8,27.09,27.2,26.55,2604357,600030
2021/9/3,28.1,26.59,28.23,26.48,2825812,600030
2021/9/6,26.62,26.82,27.39,26.62,1800826,600030
2021/9/7,26.82,27.15,27.38,26.3,2096082,600030
2021/9/8,27,26.9,27.63,26.86,1566587,600030
2021/9/9,26.61,26.73,26.87,26.36,1199153,600030
2021/9/10,26.81,27.27,27.98,26.81,2152492,600030
2021/9/13,27.25,27.19,27.59,27.06,1215742,600030
2021/9/14,27.25,26.48,27.41,26.32,1602296,600030
2021/9/15,26.42,26.24,26.64,26.01,1089052,600030
2021/9/16,26.28,25.48,26.33,25.31,1347735,600030
2021/9/17,25.5,25.95,26.1,25.5,1077623,600030
2021/9/22,25.51,25.69,25.97,25.3,895727,600030
2021/9/23,25.82,26.2,26.29,25.76,1040007,600030
2021/9/24,26.26,26.04,26.45,26.01,816947,600030
2021/9/27,26.02,25.65,26.25,25.38,952229,600030
2021/9/28,25.6,25.86,26.06,25.51,711047,600030
2021/9/29,25.61,25.61,25.8,25.16,944263,600030
2021/9/30,25.65,25.28,25.77,25.07,834290,600030
2021/10/8,25.4,25.75,25.85,25.4,751306,600030
2021/10/11,25.85,25.66,26.14,25.65,589345,600030
2021/10/12,25.49,24.86,25.65,24.55,1125690,600030
2021/10/13,24.84,24.71,25.06,24.68,600363,600030
2021/10/14,24.8,24.76,24.85,24.41,493164,600030
2021/10/15,24.7,24.96,25.12,24.6,620779,600030
2021/10/18,24.96,24.98,25.21,24.8,486798,600030
2021/10/19,24.9,25.05,25.22,24.86,511627,600030
2021/10/20,25.18,25,25.23,24.98,503287,600030
2021/10/21,25,25.16,25.39,24.88,632570,600030
2021/10/22,25.2,25.46,25.57,25.12,692221,600030
2021/10/25,25.46,25.65,25.73,25.18,808745,600030
2021/10/26,25.65,25.26,25.71,25.25,609003,600030
2021/10/27,25.09,24.67,25.26,24.56,802148,600030
2021/10/28,24.61,24.75,25.06,24.58,648388,600030
2021/10/29,25,25.88,26.14,24.81,1641830,600030
2021/11/1,25.8,25.98,26.1,25.73,979594,600030
2021/11/2,25.9,25.53,26.09,25.25,898837,600030
2021/11/3,25.5,25.39,25.66,25.25,570295,600030
2021/11/4,25.6,25.44,25.76,25.3,630367,600030
2021/11/5,25.3,25.36,25.67,25.23,545238,600030
2021/11/8,25.27,25.46,25.68,25.02,568212,600030
2021/11/9,25.53,25.58,25.63,25.25,563575,600030
2021/11/10,25.49,25.01,25.57,24.77,1057430,600030
2021/11/11,24.9,25.75,25.93,24.9,1455579,600030
2021/11/12,25.69,25.34,25.69,25.08,1088599,600030
2021/11/15,25.38,25.22,25.5,25.05,642137,600030
2021/11/16,25.06,24.01,25.15,23.95,2281491,600030
2021/11/17,23.91,24.04,24.14,23.86,678137,600030
2021/11/18,24,24.08,24.16,23.7,785012,600030
2021/11/19,24.01,24.3,24.44,23.93,796637,600030
2021/11/22,24.28,24.29,24.52,24.24,696913,600030
2021/11/23,24.28,24.21,24.5,24.2,646040,600030
2021/11/24,24.2,24.19,24.33,24.05,516818,600030
2021/11/25,24.15,24.09,24.24,24.02,451105,600030
2021/11/26,24.03,23.92,24.08,23.91,470738,600030
2021/11/29,23.7,23.8,23.81,23.62,632218,600030
2021/11/30,23.95,23.77,23.99,23.72,618799,600030
2021/12/1,23.7,24.23,24.29,23.65,842459,600030
2021/12/2,24.19,24.4,24.55,24.1,739732,600030
2021/12/3,24.5,24.78,24.9,24.45,1045719,600030
2021/12/6,25.01,25.91,26.5,25.01,3164170,600030
2021/12/7,26.2,26.15,26.5,26.01,1836994,600030
2021/12/8,26.35,26.49,26.62,26.06,1418087,600030
2021/12/9,26.4,26.88,27.24,26.35,1895882,600030
2021/12/10,26.57,26.44,26.63,26.25,1213976,600030
2021/12/13,27,26.67,27.27,26.66,1548179,600030
2021/12/14,26.5,26.32,26.64,26.21,910137,600030
2021/12/15,26.47,26.4,26.76,26.31,678403,600030
2021/12/16,26.45,26.65,26.78,26.39,590211,600030
2021/12/17,26.75,26.29,26.82,26.27,665803,600030
2021/12/20,26.3,25.88,26.5,25.81,749119,600030
2021/12/21,25.83,26.11,26.28,25.83,530788,600030
2021/1/4,1999.98,1997,2004.99,1983.81,43514,600519
2021/1/5,1990,2059.45,2059.45,1982.46,52116,600519
2021/1/6,2064.8,2100,2125,2036.03,47410,600519
2021/1/7,2097,2140,2140,2075,37931,600519
2021/1/8,2142,2090,2150.88,2063.02,53862,600519
2021/1/11,2090,2099.73,2150.5,2058.6,51080,600519
2021/1/12,2088,2160.9,2160.9,2085,41059,600519
2021/1/13,2164,2164,2173.33,2135,34390,600519
2021/1/14,2156,2134,2163,2116.11,36152,600519
2021/1/15,2115,2082,2134.35,2029,59509,600519
2021/1/18,2061.06,2063,2091.48,2040.27,39144,600519
2021/1/19,2073.11,2009.41,2096.3,2006.85,46345,600519
2021/1/20,2008,2040.63,2055.49,1982.5,45082,600519
2021/1/21,2048,2070,2090.02,2041,38310,600519
2021/1/22,2069,2079.95,2100,2060.1,29248,600519
2021/1/25,2083,2175,2179.5,2083,55957,600519
2021/1/26,2185,2141.89,2187,2125.11,31747,600519
2021/1/27,2141.89,2089,2141.89,2085,37120,600519
2021/1/28,2080,2088,2109.66,2060.02,35129,600519
2021/1/29,2101.19,2116.18,2149.48,2090.22,33701,600519
2021/2/1,2130,2109.32,2160,2095,29341,600519
2021/2/2,2112.22,2145,2149.99,2102.1,34582,600519
2021/2/3,2150,2189.91,2198.27,2140,38714,600519
2021/2/4,2191,2320.85,2330,2191,63851,600519
2021/2/5,2325,2313,2364.6,2291,39729,600519
2021/2/8,2337,2368.8,2378.88,2313,35786,600519
2021/2/9,2368.8,2456.43,2456.43,2350,33297,600519
2021/2/10,2485,2601,2601.2,2485,61371,600519
2021/2/18,2587.98,2471,2627.88,2465,65912,600519
2021/2/19,2451.16,2460,2496.66,2381.6,59385,600519
2021/2/22,2455,2288.02,2455,2278.22,78935,600519
2021/2/23,2265.14,2307,2344.89,2265,57455,600519
2021/2/24,2307.99,2189,2318,2160.5,82116,600519
2021/2/25,2209,2150,2224.5,2121.21,59726,600519
2021/2/26,2100,2122.78,2179.95,2067.3,66525,600519
2021/3/1,2179,2158,2179,2120,44916,600519
2021/3/2,2180,2058,2180,2033,70765,600519
2021/3/3,2040,2140,2149.77,2033,54215,600519
2021/3/4,2095,2033,2096,2010.1,65088,600519
2021/3/5,2000,2060.11,2095,1988,63779,600519
2021/3/8,2074.96,1960,2085,1960,63100,600519
2021/3/9,1955,1936.99,2000,1900.18,82266,600519
2021/3/10,1977,1970.01,1999.87,1967,51172,600519
2021/3/11,1975,2048,2079.99,1961.48,56769,600519
2021/3/12,2070,2026,2077,2002.01,40323,600519
2021/3/15,2050,1975.45,2069.8,1951.15,62485,600519
2021/3/16,1974.93,2010.5,2019.99,1965,34649,600519
2021/3/17,2000,2030.36,2050,1976.01,31375,600519
2021/3/18,2035,2069.7,2086.36,2035,33865,600519
2021/3/19,2035,2010,2043,1992.23,35781,600519
2021/3/22,2000.1,1989.99,2026.09,1955.55,36914,600519
2021/3/23,1998.88,1996,2008.8,1970,27446,600519
2021/3/24,1981,1989,2013,1981,29357,600519
2021/3/25,1970.01,1971,1988.88,1946.8,31575,600519
2021/3/26,1985,2013,2022,1958,50016,600519
2021/3/29,2043.2,2034.1,2096.35,2026.15,56992,600519
2021/3/30,2040,2056.05,2086,2035.08,32627,600519
2021/3/31,2045.1,2009,2046.02,2000,37154,600519
2021/4/1,2021,2044.5,2046.8,2001.22,26588,600519
2021/4/2,2056,2162,2165,2056,52028,600519
2021/4/6,2161,2126.03,2161.98,2102.3,32742,600519
2021/4/7,2104.06,2061,2117.3,2050,40201,600519
2021/4/8,2047.03,2070,2079,2044,28548,600519
2021/4/9,2042,2020,2054,2005.01,28809,600519
2021/4/12,2011,2008.89,2030,1991.7,31943,600519
2021/4/13,2020,2021,2049.8,2009,28992,600519
2021/4/14,2035,2047,2048,2016,24115,600519
2021/4/15,2030.9,2015.6,2046.9,1990,34366,600519
2021/4/16,2025.08,2054.98,2068,2012,30294,600519
2021/4/19,2055,2088,2098.36,2033,31754,600519
2021/4/20,2071.1,2094.8,2129,2070,28290,600519
2021/4/21,2076,2080,2097.8,2065.1,26150,600519
2021/4/22,2089.9,2055.5,2099,2051.5,26850,600519
2021/4/23,2055.97,2108.94,2119.88,2052.5,33463,600519
2021/4/26,2132,2077.82,2135,2073.6,34045,600519
2021/4/27,2087.08,2094.44,2095.25,2065.09,22108,600519
2021/4/28,2010,2042,2047.5,2003,81343,600519
2021/4/29,2047.04,2026.36,2049.94,2014,41284,600519
2021/4/30,2026,2006.78,2036,2003.71,38401,600519
2021/5/6,2000,1959,2006.84,1953,53546,600519
2021/5/7,1965,1903,1967.98,1901,52493,600519
2021/5/10,1900,1879.03,1909,1866.01,46003,600519
2021/5/11,1876,1959,1966,1873.3,42494,600519
2021/5/12,1949.08,1984,1999,1949,32699,600519
2021/5/13,1965.75,1971.5,1985.05,1953,25078,600519
2021/5/14,1982,2009.85,2030.5,1976,35611,600519
2021/5/17,2025.1,2057.96,2085.2,2025.1,44524,600519
2021/5/18,2065,2059.31,2077,2045.06,17504,600519
2021/5/19,2059,2049,2074.81,2040,22410,600519
2021/5/20,2074,2058.88,2074.1,2045.36,21857,600519
2021/5/21,2055.08,2042.1,2079.88,2037.02,24248,600519
2021/5/24,2051,2071.29,2080.06,2031,32548,600519
2021/5/25,2085,2194.5,2200.1,2085,67757,600519
2021/5/26,2207.98,2220,2241.8,2193.08,38604,600519
2021/5/27,2211.02,2245,2320,2201.1,45373,600519
2021/5/28,2240.97,2230,2250,2205.51,25807,600519
2021/5/31,2215.5,2218,2218.35,2172,31739,600519
2021/6/1,2222,2240.95,2248.95,2206,30616,600519
2021/6/2,2250,2222,2264,2208.18,22863,600519
2021/6/3,2220,2222.22,2260.34,2210.08,23450,600519
2021/6/4,2215,2251.5,2288,2214.04,31422,600519
2021/6/7,2265,2271,2279,2240.01,25466,600519
2021/6/8,2260,2191,2279.99,2161.15,47314,600519
2021/6/9,2192,2199.5,2214,2160.11,25502,600519
2021/6/10,2195,2238.48,2251.37,2190.08,25567,600519
2021/6/11,2239,2178.81,2244,2178.81,33971,600519
2021/6/15,2195.1,2193,2208.88,2148,29361,600519
2021/6/16,2192,2158,2195,2148,27593,600519
2021/6/17,2155.65,2156.91,2188,2144.36,21068,600519
2021/6/18,2147,2090.94,2156.5,2065,54028,600519
2021/6/21,2085,2081.64,2099.69,2050,35488,600519
2021/6/22,2092,2074.97,2098,2053.89,33228,600519
2021/6/23,2080,2038,2083,2034.15,37079,600519
2021/6/24,2040.01,2068.05,2080,2021,31474,600519
2021/6/25,2049.96,2092,2109,2042.6,35875,600519
2021/6/28,2100,2103.01,2118,2073,27452,600519
2021/6/29,2108,2062,2115,2051,33031,600519
2021/6/30,2065,2056.7,2074,2046.3,21916,600519
2021/7/1,2059.97,2105,2110,2031.6,33701,600519
2021/7/2,2075,2013,2075,2011.5,46275,600519
2021/7/5,2000,1994,2019.88,1985,34421,600519
2021/7/6,1995,2012.9,2014,1960.01,35283,600519
2021/7/7,2010,2004,2028.88,1999.01,28122,600519
2021/7/8,2000.1,1985,2004,1968,35517,600519
2021/7/9,1964.52,1972.11,1985.91,1945,30908,600519
2021/7/12,1975.55,1961,1998.78,1940.5,39010,600519
2021/7/13,1968,1982.9,2005.5,1965,29925,600519
2021/7/14,1974,1962,1974.5,1945,30771,600519
2021/7/15,1955.02,1997.99,2013,1950.6,42190,600519
2021/7/16,1980,1955.9,1996.6,1950,35408,600519
2021/7/19,1955.89,1975,1986,1941,30052,600519
2021/7/20,1975,1980,1988.93,1961.41,23475,600519
2021/7/21,1989,1969,2006,1962.01,29780,600519
2021/7/22,1960,1940.01,1973.9,1938.96,39090,600519
2021/7/23,1937.82,1900,1937.82,1895.09,47585,600519
2021/7/26,1879,1804.11,1879,1780,98619,600519
2021/7/27,1803,1712.89,1810,1703,86577,600519
2021/7/28,1703,1768.9,1788.2,1682.12,85369,600519
2021/7/29,1810.01,1749.79,1823,1734.34,63864,600519
2021/7/30,1725,1678.99,1725,1657.76,77736,600519
2021/8/2,1664,1755,1755.98,1620.72,97401,600519
2021/8/3,1730,1749.3,1768.99,1688.8,54375,600519
2021/8/4,1734.06,1724,1760,1718,38175,600519
2021/8/5,1692.88,1699,1745,1676.36,48060,600519
2021/8/6,1689,1671,1694.01,1646.6,45686,600519
2021/8/9,1651,1693.8,1709,1650,47698,600519
2021/8/10,1700,1799,1802.88,1675,83285,600519
2021/8/11,1780.01,1750.5,1785.01,1750.01,38663,600519
2021/8/12,1732,1690,1749,1686.19,47551,600519
2021/8/13,1690,1700.04,1713,1679,37905,600519
2021/8/16,1696,1699.2,1713.6,1685.08,28057,600519
2021/8/17,1700,1635,1700,1628.88,61201,600519
2021/8/18,1624.66,1620,1642.99,1600,59970,600519
2021/8/19,1622.22,1619.97,1643.2,1600,41292,600519
2021/8/20,1555.17,1548,1597.55,1525.5,114545,600519
2021/8/23,1537.88,1570.19,1599,1536.77,71597,600519
2021/8/24,1575,1625.18,1642.55,1565.77,72594,600519
2021/8/25,1647.64,1665.02,1680.87,1643,54239,600519
2021/8/26,1664.99,1595,1664.99,1594.72,54020,600519
2021/8/27,1589,1596.03,1625,1584.1,36095,600519
2021/8/30,1605,1586,1613,1545.95,51588,600519
2021/8/31,1589.8,1558,1616.35,1555.1,43677,600519
2021/9/1,1559,1622.01,1634.99,1531.1,77316,600519
2021/9/2,1632.99,1618.8,1643,1600.89,42837,600519
2021/9/3,1610.02,1658.22,1659.79,1582,52835,600519
2021/9/6,1649,1670.67,1708.16,1626.15,55338,600519
2021/9/7,1661.03,1669,1684.48,1651,31211,600519
2021/9/8,1660,1633.1,1671.18,1628.08,33064,600519
2021/9/9,1626,1634.08,1645,1624.01,19950,600519
2021/9/10,1634.08,1662.58,1668.8,1633,33388,600519
2021/9/13,1665,1654,1684,1640.1,27720,600519
2021/9/14,1659,1657,1683,1653,33761,600519
2021/9/15,1650,1615.74,1660,1610,41570,600519
2021/9/16,1603,1638.07,1644,1585,45968,600519
2021/9/17,1620,1686,1705.6,1620,55130,600519
2021/9/22,1658.83,1637.69,1688,1635,31743,600519
2021/9/23,1638,1635,1655.88,1625.08,30342,600519
2021/9/24,1628,1694,1719.98,1628,69537,600519
2021/9/27,1750,1855,1863.4,1750,126869,600519
2021/9/28,1848,1822.06,1860,1795,49221,600519
2021/9/29,1809,1820,1845.01,1785.9,43291,600519
2021/9/30,1818.18,1830,1850.22,1803.4,40539,600519
2021/10/8,1822.42,1839.6,1878,1807.23,47452,600519
2021/10/11,1839.51,1867.12,1889.9,1831.01,37676,600519
2021/10/12,1866,1870.99,1877,1842.42,30606,600519
2021/10/13,1870,1929.9,1949.95,1862,50143,600519
2021/10/14,1928.93,1911,1941.8,1896,26623,600519
2021/10/15,1890.1,1916.97,1929.99,1890.1,28561,600519
2021/10/18,1888,1800,1888,1787,69652,600519
2021/10/19,1800,1812.18,1838.8,1799.88,40315,600519
2021/10/20,1833,1841,1849.8,1806.01,28663,600519
2021/10/21,1841.1,1844,1860,1829,23019,600519
2021/10/22,1855,1901,1921.01,1854,35963,600519
2021/10/25,1880,1873.03,1885.01,1858,32461,600519
2021/10/26,1864.03,1861.05,1878.99,1844,21130,600519
2021/10/27,1852.3,1819,1858.3,1800.1,34647,600519
2021/10/28,1825.2,1825.49,1843.78,1802,29491,600519
2021/10/29,1825,1826.08,1848,1813,28776,600519
2021/11/1,1780,1803,1826.3,1760,41690,600519
2021/11/2,1796.7,1804.64,1844.22,1788,32500,600519
2021/11/3,1800,1765,1809.98,1761.19,27829,600519
2021/11/4,1777.94,1804.2,1816,1769.42,31130,600519
2021/11/5,1804.21,1819.94,1844.99,1804.21,27077,600519
2021/11/8,1820,1820.1,1830.8,1802.05,17706,600519
2021/11/9,1819.98,1790.01,1827.87,1782,27352,600519
2021/11/10,1790.01,1753.99,1795,1735,35349,600519
2021/11/11,1752.93,1769.6,1769.6,1741.5,22652,600519
2021/11/12,1778,1773.78,1785.05,1766.66,17607,600519
2021/11/15,1773.68,1761.14,1784,1750,24947,600519
2021/11/16,1768,1808,1818,1765,33526,600519
2021/11/17,1805,1795,1820.5,1790.01,24505,600519
2021/11/18,1781.22,1792,1807,1770,19521,600519
2021/11/19,1794.19,1828.41,1849,1788.2,31156,600519
2021/11/22,1849,1854.27,1909,1848,42573,600519
2021/11/23,1852,1896.43,1917,1852,45782,600519
2021/11/24,1900,1941,1966,1897,54512,600519
2021/11/25,1953,1956.03,1986.2,1946.25,39753,600519
2021/11/26,1964.83,1941.01,1967,1925,32656,600519
2021/11/29,1960,1985,1990,1951.08,42399,600519
2021/11/30,1985.4,1930.77,1989.9,1927.5,36925,600519
2021/12/1,1950,1932.99,1959.95,1919.02,26254,600519
2021/12/2,1940,1934,1942.15,1919.6,20422,600519
2021/12/3,1932,1971.88,1988.62,1931.05,35818,600519
2021/12/6,1983,1967.3,1990,1950,31064,600519
2021/12/7,1980.74,1955.87,1987.87,1946.73,36980,600519
2021/12/8,1964.88,2043,2045,1950,61048,600519
2021/12/9,2054.94,2086.55,2116.92,2045,64239,600519
2021/12/10,2060,2090,2095.78,2056,43148,600519
2021/12/13,2154,2118.2,2180,2118,65807,600519
2021/12/14,2118.2,2150,2167.9,2100,40449,600519
2021/12/15,2142.15,2135,2164.95,2125.02,30078,600519
2021/12/16,2115,2118.99,2144.05,2086.23,37211,600519
2021/12/17,2100.5,2050.7,2108,2036,48403,600519
2021/12/20,2050.7,2058.96,2085.66,2041,32258,600519
2021/12/21,2045,2038.2,2069.13,2012.83,26286,600519
2021/1/4,189,206.76,211.16,187.09,589502,2594
2021/1/5,206,219.9,221.23,202.01,545306,2594
2021/1/6,219.72,216.3,222.18,212,434652,2594
2021/1/7,216.6,225.04,228.32,214.2,428603,2594
2021/1/8,233,227.51,234.32,220.7,426758,2594
2021/1/11,234.59,234.86,245,230.98,534255,2594
2021/1/12,231.8,236.99,239.75,220,433125,2594
2021/1/13,238,239.3,249.88,229.69,480348,2594
2021/1/14,232,223.95,235.45,222.34,445955,2594
2021/1/15,222,225.2,228.92,216.5,377050,2594
2021/1/18,220,221.69,224,216.26,263789,2594
2021/1/19,222.06,216.2,225.2,213.56,276250,2594
2021/1/20,219.9,222,226.3,218.01,381401,2594
2021/1/21,220,235.52,239.6,216.81,585710,2594
2021/1/22,235.72,242.92,243.66,231.51,423887,2594
2021/1/25,246.5,260,262.95,245,559389,2594
2021/1/26,257,254.22,262.59,250.99,394555,2594
2021/1/27,250.2,257,259.44,234.5,521351,2594
2021/1/28,245.97,244.36,252.5,242.98,326462,2594
2021/1/29,249,247,250.43,237.5,335983,2594
2021/2/1,245,246.89,250.13,239,263795,2594
2021/2/2,252,267.5,268,250.5,471100,2594
2021/2/3,268.1,263,273.37,260.3,384030,2594
2021/2/4,258,259.9,264.89,255.34,310351,2594
2021/2/5,262,249,268.28,247.5,480551,2594
2021/2/8,248.99,250.2,252.98,240.01,372462,2594
2021/2/9,253.1,257,259.02,247.5,374954,2594
2021/2/10,261,266.95,270.66,253,418939,2594
2021/2/18,268.86,258.99,268.86,255.33,472646,2594
2021/2/19,254.9,257.35,257.66,245.73,382587,2594
2021/2/22,256.6,239.52,256.66,239.45,427131,2594
2021/2/23,229.59,225,235.02,222.9,476510,2594
2021/2/24,225,208.99,228.59,203.6,676485,2594
2021/2/25,215.77,209.25,215.85,205.8,369532,2594
2021/2/26,196.5,197.27,204,194,503616,2594
2021/3/1,201,210.9,210.99,197.5,444294,2594
2021/3/2,214.65,211.4,215.8,205.22,387928,2594
2021/3/3,205,209.75,210.3,201.97,263062,2594
2021/3/4,205,198.5,205.1,197.3,346850,2594
2021/3/5,187.37,196.37,199.51,186.18,325319,2594
2021/3/8,196.37,176.73,197.33,176.73,591328,2594
2021/3/9,172.41,170.68,178.6,162.03,599205,2594
2021/3/10,180,177.19,181.88,175.78,431507,2594
2021/3/11,176.95,182.97,185,174.1,367828,2594
2021/3/12,186.17,181.68,187.99,178.9,301848,2594
2021/3/15,178.55,174.26,181,172,295602,2594
2021/3/16,177.58,176.47,179.1,173.37,197056,2594
2021/3/17,174.02,176.88,179.97,171.48,213705,2594
2021/3/18,178.79,178.55,180.63,177.28,201064,2594
2021/3/19,173,171.15,175.37,169.66,258227,2594
2021/3/22,172.33,173.8,175.48,170.01,185683,2594
2021/3/23,175.8,168.97,176.18,166.3,226649,2594
2021/3/24,167.99,162.74,169.24,162,248269,2594
2021/3/25,157,161.2,163.45,155.6,256191,2594
2021/3/26,163.01,170.99,172,162.9,328530,2594
2021/3/29,170.01,168.1,170.48,164.8,234729,2594
2021/3/30,161,169,169,159.1,338931,2594
2021/3/31,169.21,164.51,172.64,162.56,270153,2594
2021/4/1,168,169.07,171.9,167.01,299958,2594
2021/4/2,170.99,175.87,178.2,168.58,349532,2594
2021/4/6,176.8,176.09,179.24,172.8,255910,2594
2021/4/7,177.15,170.99,178.08,169.5,281704,2594
2021/4/8,169,170.48,171.5,167.12,160043,2594
2021/4/9,171.9,166.72,172.1,166,204996,2594
2021/4/12,166.73,163.46,169.39,162.6,201268,2594
2021/4/13,163.48,164.01,167.63,163.48,158579,2594
2021/4/14,167,170.95,171,167,298473,2594
2021/4/15,168.5,165.5,168.65,163.5,249912,2594
2021/4/16,165.4,165.3,166.4,160.33,234599,2594
2021/4/19,165,176.05,177,164.18,507351,2594
2021/4/20,175,171.24,175,169.78,375677,2594
2021/4/21,169,168.59,170.59,167.17,230489,2594
2021/4/22,170,168.71,171.78,167.22,197508,2594
2021/4/23,167.18,169.25,171.38,166.27,228828,2594
2021/4/26,170,167.5,173,167.25,319514,2594
2021/4/27,166,164.94,167.4,163.4,255639,2594
2021/4/28,164.86,165.5,168.54,162.96,218412,2594
2021/4/29,163,162.95,164.93,162.2,275854,2594
2021/4/30,161.49,158.57,162.2,156.71,359899,2594
2021/5/6,157,150,157,150,423158,2594
2021/5/7,148.12,143.95,149.96,143.39,377980,2594
2021/5/10,143.95,147,148.35,141.44,260739,2594
2021/5/11,143.7,146.56,148.76,140.97,269640,2594
2021/5/12,148.26,153.73,155,148.26,384659,2594
2021/5/13,150.75,148.99,151,148.56,212696,2594
2021/5/14,147.9,153.53,154.1,146.31,300279,2594
2021/5/17,155.43,159.78,160.88,154.45,363003,2594
2021/5/18,160,158.7,161.8,156.88,194952,2594
2021/5/19,159.9,172.78,174,159.88,596491,2594
2021/5/20,170,172.94,177.56,169.1,499888,2594
2021/5/21,174.01,173.2,177.99,170.1,334966,2594
2021/5/24,171.91,173.47,175.5,169.98,271723,2594
2021/5/25,175,176.52,178,172.7,331523,2594
2021/5/26,178,176.17,184.58,176,345578,2594
2021/5/27,179,177.45,179.68,174.5,234026,2594
2021/5/28,177.45,181.68,185,176.07,371195,2594
2021/5/31,175.26,178.7,179.11,170.18,437553,2594
2021/6/1,178.73,189.46,190.9,178.73,513604,2594
2021/6/2,190,186.5,191.85,185.2,294350,2594
2021/6/3,186.6,183.9,187.5,180.18,250801,2594
2021/6/4,181.61,189.4,192,180.52,319848,2594
2021/6/7,191,190.35,192.87,187,254518,2594
2021/6/8,194,202.81,205.6,193.25,559239,2594
2021/6/9,202.9,202,203.5,197.02,316556,2594
2021/6/10,202.05,214.11,216.05,201,441000,2594
2021/6/11,214.3,227.02,229.95,212.08,540085,2594
2021/6/15,231.54,232.32,237.8,224.87,518101,2594
2021/6/16,226,211,231.66,210.66,618176,2594
2021/6/17,210.96,232.1,232.1,210.83,519978,2594
2021/6/18,236,245,252.32,234.65,571896,2594
2021/6/21,243.88,242.58,249.56,232.13,430526,2594
2021/6/22,243,237.88,247,236,316428,2594
2021/6/23,233,243.3,249.8,232.5,394501,2594
2021/6/24,244,244.89,251.87,240.18,312285,2594
2021/6/25,247,244.99,248.66,238,296502,2594
2021/6/28,244.99,253.63,255,243.52,347272,2594
2021/6/29,257.4,253.3,259.6,250,306258,2594
2021/6/30,250,251,256.5,246,285407,2594
2021/7/1,251,236.6,252.5,235.6,422603,2594
2021/7/2,233,239.04,243.5,228.89,374260,2594
2021/7/5,236.04,249.55,250,235.57,324901,2594
2021/7/6,255,250.5,261.02,241,517917,2594
2021/7/7,244,255.09,258.6,240.88,386387,2594
2021/7/8,253,251.96,261.54,251.12,393910,2594
2021/7/9,250.88,248.82,254.99,241.88,364947,2594
2021/7/12,253.3,266.48,272.91,251.5,560057,2594
2021/7/13,266.49,265.1,269.73,260.22,277314,2594
2021/7/14,261,245.29,261,245,612717,2594
2021/7/15,239,236.4,243.55,230,551899,2594
2021/7/16,235.75,222.92,235.75,221.03,562741,2594
2021/7/19,220,223.97,231.99,214.3,372187,2594
2021/7/20,220,227.5,229.46,219.11,246750,2594
2021/7/21,231.2,241.23,244.99,230.01,471511,2594
2021/7/22,246.3,248.96,249.44,240.17,374773,2594
2021/7/23,247.44,258.68,262,245.08,460562,2594
2021/7/26,250.58,248.55,259.74,241.01,404428,2594
2021/7/27,246,238.71,257.88,237.2,377707,2594
2021/7/28,229.99,236.5,241.1,223.99,332199,2594
2021/7/29,246.94,257.2,257.3,242.82,428851,2594
2021/7/30,257.19,264.71,268.3,252.13,457994,2594
2021/8/2,276,291.18,291.18,273.3,622259,2594
2021/8/3,299,280.08,299,275.01,489349,2594
2021/8/4,283.01,308.09,308.09,282,534306,2594
2021/8/5,301,299.46,306.25,294.87,368823,2594
2021/8/6,313,303.48,317.3,298.5,453626,2594
2021/8/9,295,293.55,297.4,283,341621,2594
2021/8/10,293.56,292,302.31,282,331035,2594
2021/8/11,289,294.99,298.83,286.16,263994,2594
2021/8/12,293,308.98,313.38,289.37,382779,2594
2021/8/13,303,300.02,312.5,297.99,246906,2594
2021/8/16,297,285.4,297,285,305067,2594
2021/8/17,283.45,280.31,290.5,278,272058,2594
2021/8/18,285.41,283.66,288.09,278.19,221723,2594
2021/8/19,283.66,293.72,298.68,278.57,361672,2594
2021/8/20,289,285.09,293.6,282,247173,2594
2021/8/23,281.5,289.8,294.44,275.55,295827,2594
2021/8/24,292.79,298.25,302,290.05,274399,2594
2021/8/25,297.8,296.2,299.8,291,179145,2594
2021/8/26,297,282.5,298.77,282.5,263682,2594
2021/8/27,280.99,288.15,296.03,280,262889,2594
2021/8/30,277.44,281.97,288,273.96,419092,2594
2021/8/31,286.88,277,286.88,266.55,329668,2594
2021/9/1,277,266.3,277.97,257.6,287674,2594
2021/9/2,267.01,267,271.99,262.7,165244,2594
2021/9/3,267.01,254.11,271,250.4,287964,2594
2021/9/6,259.99,277.6,279,259,397789,2594
2021/9/7,277.6,275.95,281.11,273.27,207634,2594
2021/9/8,277.9,269.59,279.28,268.61,182578,2594
2021/9/9,272,271.71,279.58,265.8,216256,2594
2021/9/10,271.71,265.61,272.53,262.64,238757,2594
2021/9/13,268.33,261.36,271.98,259.18,213492,2594
2021/9/14,261.39,269.23,276,257.06,354690,2594
2021/9/15,267.89,261.15,270,260,218809,2594
2021/9/16,261.15,251,264.77,250.53,220810,2594
2021/9/17,253,255.12,257,250.49,139421,2594
2021/9/22,248,247.2,251.44,244.03,163413,2594
2021/9/23,253.83,249.92,257.52,248.88,149784,2594
2021/9/24,250.96,251.77,257.5,247,158267,2594
2021/9/27,254,252.5,257.49,246.8,179991,2594
2021/9/28,251.9,246.86,253.82,246.29,162444,2594
2021/9/29,243,236,244.88,235,245555,2594
2021/9/30,238.2,249.51,249.7,237.2,225038,2594
2021/10/8,257.98,253,259.98,250,194104,2594
2021/10/11,253.1,255.75,263.1,248,211973,2594
2021/10/12,255,257.01,262.9,253.01,211651,2594
2021/10/13,257.01,271.2,273.6,254.33,321978,2594
2021/10/14,271,272.94,275.99,268.14,177799,2594
2021/10/15,275,283.33,287.5,271,287845,2594
2021/10/18,284.25,285.92,288.63,280.04,216214,2594
2021/10/19,288,284.79,294.91,284,193858,2594
2021/10/20,286,290.6,295,285.24,217045,2594
2021/10/21,291,287.01,292.6,284.01,180626,2594
2021/10/22,292.2,300,301,289,336549,2594
2021/10/25,303.11,317.35,318.65,302.23,335190,2594
2021/10/26,330.5,319.01,333.33,317.76,313244,2594
2021/10/27,313,321.74,326.73,311.28,219068,2594
2021/10/28,319.61,307.98,323.8,305.4,298267,2594
2021/10/29,305.13,311.31,313.76,293.77,347160,2594
2021/11/1,301.41,302,308.41,293.82,284786,2594
2021/11/2,310,313.88,319.8,307.64,290087,2594
2021/11/3,313.13,303.01,313.85,299.86,197248,2594
2021/11/4,311.13,325,329,309.03,349964,2594
2021/11/5,324,314,327,313.01,194183,2594
2021/11/8,308.09,315,319.61,307,169849,2594
2021/11/9,315.05,320.69,329.97,315.05,203305,2594
2021/11/10,314,310.26,315.6,301.58,274879,2594
2021/11/11,313,311.99,316.99,308.05,138852,2594
2021/11/12,315.8,306.78,316.74,305.5,148884,2594
2021/11/15,306.78,294.94,306.78,290.44,225372,2594
2021/11/16,294,293.51,297.69,288,151808,2594
2021/11/17,300,296.85,303.24,294,163378,2594
2021/11/18,294.8,295.4,298.88,290,129097,2594
2021/11/19,295.72,296.82,300,288,175159,2594
2021/11/22,298.4,311,311.51,298.2,287020,2594
2021/11/23,307.88,308.48,309.73,303.98,150363,2594
2021/11/24,305.43,303.2,309.6,301,141938,2594
2021/11/25,303.2,298,304.49,291.3,170971,2594
2021/11/26,295,297.66,304.77,294.05,122494,2594
2021/11/29,291.8,304.46,307.07,289.93,200157,2594
2021/11/30,307,304.7,308,303,131788,2594
2021/12/1,305.2,305.32,307.5,300.38,108279,2594
2021/12/2,305,308.8,314.06,303.1,180072,2594
2021/12/3,306.99,306.9,309.8,298.86,210327,2594
2021/12/6,301,301.75,311.51,300.86,178801,2594
2021/12/7,306.01,294.8,306.35,291.08,227679,2594
2021/12/8,296.01,300.79,301,294.5,154382,2594
2021/12/9,300,299.5,300.63,297.03,112957,2594
2021/12/10,295.99,301.42,302.03,292.8,144873,2594
2021/12/13,302.99,298.4,303,298,142941,2594
2021/12/14,295.5,293.4,297.07,291.69,157111,2594
2021/12/15,293.41,293.35,295.5,291.71,98150,2594
2021/12/16,293,286.2,293.49,279,278665,2594
2021/12/17,284,278.98,285.88,278.61,151118,2594
2021/12/20,279.23,270.5,281.47,268.28,217845,2594
2021/12/21,270.5,276.21,276.78,269.41,149653,2594
